0.0282	0
0.0282	1
0.0282	2
0.0282	3
0.0282	4
0.0282	5
0.0282	6
0.0282	7
0.0282	8
0.0282	9
0.0282	10
0.0282	11
0.0282	12
0.0282	13
0.0282	14
0.0282	15
0.0282	16
0.0282	17
0.0282	18
0.0282	19
0.0282	20
0.0282	21
0.0282	22
0.0282	23
0.0282	24
0.0282	25
0.0282	26
0.0282	27
0.0282	28
0.0282	29
0.0282	30
0.0282	31
0.0282	32
0.0282	33
0.0282	34
0.0282	35
0.0282	36
0.0282	37
0.0282	38
0.0282	39
0.0282	40
0.0282	41
0.0282	42
0.0282	43
0.0282	44
0.0282	45
0.0282	46
0.0282	47
0.0282	48
0.0282	49
0.0282	50
0.0282	51
0.0282	52
0.0282	53
0.0282	54
0.0282	55
0.0282	56
0.0282	57
0.0282	58
0.0282	59
0.0282	60
0.0282	61
0.0282	62
0.0282	63
0.0282	64
0.0282	65
0.0282	66
0.0282	67
0.0282	68
0.0282	69
0.0282	70
0.0282	71
0.0282	72
0.0282	73
0.0282	74
0.0282	75
0.0282	76
0.0282	77
0.0282	78
0.0282	79
0.0282	80
0.0282	81
0.0282	82
0.0282	83
0.0282	84
0.0282	85
0.0282	86
0.0282	87
0.0282	88
0.0282	89
0.0282	90
0.0282	91
0.0282	92
0.0282	93
0.0282	94
0.0282	95
0.0282	96
0.0282	97
0.0282	98
0.0282	99
0.0282	100
0.0282	101
0.0282	102
0.0282	103
0.0282	104
0.0282	105
0.0282	106
0.0282	107
0.0282	108
0.0282	109
0.0282	110
0.0282	111
0.0282	112
0.0282	113
0.0282	114
0.0282	115
0.0282	116
0.0282	117
0.0282	118
0.0282	119
0.0353	197
0.0353	662
0.0355	483
0.0355	593
0.0359	361
0.036	215
0.0361	712
0.0362	219
0.0362	335
0.0363	159
0.0363	244
0.0363	642
0.0363	745
0.0364	482
0.0365	391
0.0365	486
0.0365	747
0.0365	876
0.0366	256
0.0366	552
0.0366	557
0.0366	646
0.0367	209
0.0367	238
0.0367	937
0.0367	984
0.0368	201
0.0368	390
0.0368	824
0.0369	136
0.0369	239
0.0369	334
0.0369	698
0.0369	874
0.037	169
0.037	403
0.037	756
0.037	799
0.037	863
0.037	923
0.037	955
0.0371	200
0.0371	255
0.0371	290
0.0371	329
0.0371	415
0.0371	553
0.0371	720
0.0371	997
0.0372	313
0.0372	423
0.0372	609
0.0372	849
0.0372	917
0.0372	927
0.0372	931
0.0373	534
0.0373	536
0.0373	691
0.0373	908
0.0374	130
0.0374	379
0.0374	574
0.0374	585
0.0374	601
0.0374	611
0.0374	635
0.0374	672
0.0374	674
0.0375	634
0.0375	668
0.0375	789
0.0375	945
0.0376	723
0.0376	782
0.0376	871
0.0376	899
0.0377	160
0.0377	321
0.0377	477
0.0377	759
0.0377	761
0.0377	769
0.0377	914
0.0377	932
0.0377	943
0.0378	229
0.0378	522
0.0378	665
0.0378	801
0.0379	141
0.0379	186
0.0379	222
0.0379	242
0.0379	312
0.0379	348
0.0379	381
0.0379	385
0.0379	547
0.0379	656
0.0379	689
0.0379	776
0.0379	826
0.0379	869
0.038	445
0.038	488
0.038	537
0.038	559
0.038	724
0.038	778
0.038	781
0.038	889
0.0381	236
0.0381	406
0.0381	510
0.0381	589
0.0381	831
0.0382	166
0.0382	271
0.0382	435
0.0382	437
0.0382	581
0.0382	618
0.0382	671
0.0382	746
0.0382	772
0.0382	817
0.0382	974
0.0383	212
0.0383	300
0.0383	353
0.0383	371
0.0383	605
0.0383	708
0.0383	777
0.0383	822
0.0383	857
0.0383	880
0.0384	258
0.0384	452
0.0384	505
0.0384	508
0.0384	530
0.0384	699
0.0384	884
0.0385	314
0.0385	621
0.0385	829
0.0385	915
0.0385	938
0.0386	274
0.0386	276
0.0386	340
0.0386	357
0.0386	380
0.0386	564
0.0386	652
0.0386	973
0.0387	287
0.0387	446
0.0387	471
0.0387	613
0.0387	645
0.0387	653
0.0387	702
0.0387	722
0.0387	793
0.0387	886
0.0388	120
0.0388	126
0.0388	434
0.0388	528
0.0388	615
0.0388	752
0.0388	803
0.0388	968
0.0389	490
0.0389	548
0.0389	641
0.0389	650
0.0389	737
0.0389	807
0.039	176
0.039	416
0.039	495
0.039	526
0.039	678
0.039	766
0.039	987
0.0391	260
0.0391	401
0.0391	604
0.0392	202
0.0392	567
0.0392	711
0.0392	912
0.0393	472
0.0393	750
0.0394	148
0.0394	608
0.0395	270
0.0395	427
0.0395	475
0.0395	502
0.0395	655
0.0395	658
0.0396	180
0.0396	328
0.0396	410
0.0396	461
0.0396	555
0.0396	631
0.0397	500
0.0397	893
0.0397	988
0.0398	457
0.0398	541
0.0398	695
0.0398	707
0.0398	714
0.0399	121
0.0399	311
0.0399	359
0.0399	425
0.0399	614
0.0399	661
0.0399	703
0.0399	735
0.0399	870
0.0399	907
0.0399	910
0.0399	925
0.0399	966
0.0399	978
0.0399	981
0.04	133
0.04	151
0.04	157
0.04	178
0.04	226
0.04	228
0.04	296
0.04	320
0.04	341
0.04	347
0.04	362
0.04	479
0.04	485
0.04	512
0.04	529
0.04	565
0.04	619
0.04	640
0.04	731
0.04	785
0.04	827
0.04	913
0.04	939
0.04	998
0.0401	208
0.0401	292
0.0401	473
0.0401	571
0.0401	591
0.0401	651
0.0401	673
0.0401	675
0.0401	739
0.0401	924
0.0401	940
0.0401	950
0.0402	142
0.0402	192
0.0402	218
0.0402	223
0.0402	245
0.0402	366
0.0402	509
0.0402	516
0.0402	568
0.0402	584
0.0402	625
0.0402	697
0.0402	904
0.0402	993
0.0403	147
0.0403	156
0.0403	184
0.0403	187
0.0403	221
0.0403	230
0.0403	262
0.0403	407
0.0403	441
0.0403	456
0.0403	594
0.0403	685
0.0403	693
0.0403	873
0.0404	185
0.0404	214
0.0404	241
0.0404	345
0.0404	443
0.0404	540
0.0404	569
0.0404	583
0.0404	616
0.0404	696
0.0404	701
0.0404	887
0.0405	125
0.0405	206
0.0405	264
0.0405	318
0.0405	422
0.0405	520
0.0405	692
0.0405	725
0.0405	842
0.0405	958
0.0406	183
0.0406	375
0.0406	550
0.0406	577
0.0406	648
0.0406	700
0.0406	705
0.0406	883
0.0407	173
0.0407	193
0.0407	306
0.0407	389
0.0407	394
0.0407	459
0.0407	659
0.0407	762
0.0407	770
0.0407	823
0.0408	494
0.0408	527
0.0408	546
0.0408	860
0.0408	994
0.0409	252
0.0409	316
0.0409	363
0.0409	967
0.041	918
0.0411	844
0.0412	138
0.0412	265
0.0412	721
0.0412	741
0.0413	143
0.0413	643
0.0413	957
0.0414	680
0.0415	448
0.0415	767
0.0416	796
0.0416	868
0.0417	199
0.0417	266
0.0417	432
0.0418	315
0.0418	419
0.0418	538
0.0418	738
0.0418	744
0.0418	809
0.0418	835
0.0419	273
0.0419	336
0.0419	373
0.0419	610
0.0419	612
0.0419	742
0.042	250
0.042	284
0.042	333
0.042	503
0.042	578
0.042	710
0.042	730
0.042	794
0.042	864
0.0421	240
0.0421	399
0.0421	549
0.0421	780
0.0422	182
0.0422	220
0.0422	288
0.0422	458
0.0422	491
0.0422	523
0.0422	587
0.0422	677
0.0422	755
0.0422	879
0.0423	122
0.0423	203
0.0423	501
0.0423	563
0.0423	660
0.0423	719
0.0424	198
0.0424	303
0.0424	372
0.0424	639
0.0424	787
0.0425	52
0.0425	342
0.0425	463
0.0425	465
0.0425	507
0.0425	542
0.0425	666
0.0425	683
0.0425	709
0.0425	855
0.0425	930
0.0425	970
0.0426	150
0.0426	388
0.0426	607
0.0426	995
0.0427	188
0.0427	344
0.0427	360
0.0427	430
0.0427	504
0.0427	511
0.0427	543
0.0427	597
0.0427	748
0.0427	751
0.0427	843
0.0427	903
0.0427	959
0.0428	145
0.0428	862
0.0428	890
0.0429	162
0.0429	237
0.0429	402
0.0429	436
0.0429	453
0.0429	602
0.0429	979
0.0429	990
0.043	493
0.043	622
0.043	726
0.043	810
0.043	856
0.0431	224
0.0431	442
0.0431	840
0.0431	929
0.0431	952
0.0432	135
0.0432	354
0.0432	367
0.0432	525
0.0432	545
0.0432	595
0.0432	847
0.0433	168
0.0433	413
0.0433	478
0.0433	590
0.0433	716
0.0433	828
0.0433	885
0.0433	911
0.0434	137
0.0434	253
0.0434	393
0.0434	395
0.0434	749
0.0434	941
0.0435	286
0.0435	331
0.0435	539
0.0435	753
0.0435	858
0.0435	964
0.0436	217
0.0436	247
0.0436	268
0.0436	319
0.0436	431
0.0436	451
0.0436	497
0.0436	805
0.0436	841
0.0437	307
0.0437	728
0.0438	158
0.0438	322
0.0438	484
0.0438	580
0.0439	308
0.0439	481
0.0439	551
0.0439	833
0.044	227
0.044	556
0.0441	324
0.0441	498
0.0441	570
0.0442	694
0.0442	732
0.0442	733
0.0442	961
0.0443	109
0.0443	123
0.0443	233
0.0443	384
0.0443	592
0.0443	736
0.0443	992
0.0444	20
0.0444	986
0.0445	845
0.0445	906
0.0446	149
0.0446	213
0.0446	487
0.0446	764
0.0446	774
0.0446	800
0.0446	830
0.0447	248
0.0447	773
0.0447	989
0.0448	170
0.0448	374
0.0448	518
0.0448	946
0.0449	267
0.0449	370
0.0449	554
0.0449	784
0.0449	851
0.045	376
0.045	447
0.045	667
0.045	815
0.0451	110
0.0452	24
0.0452	558
0.0452	808
0.0453	37
0.0453	254
0.0453	428
0.0453	743
0.0453	866
0.0454	283
0.0454	596
0.0454	861
0.0455	278
0.0455	438
0.0455	444
0.0455	560
0.0455	620
0.0455	894
0.0455	895
0.0455	902
0.0456	74
0.0456	663
0.0457	16
0.0457	129
0.0457	383
0.0457	670
0.0458	79
0.0458	996
0.0459	544
0.0459	623
0.0459	832
0.0459	965
0.046	48
0.046	514
0.0462	22
0.0462	298
0.0462	582
0.0462	947
0.0463	108
0.0463	368
0.0464	2
0.0464	152
0.0464	205
0.0464	358
0.0464	440
0.0465	26
0.0465	325
0.0465	338
0.0465	727
0.0465	812
0.0466	40
0.0466	104
0.0466	579
0.0466	686
0.0466	802
0.0467	19
0.0467	71
0.0468	411
0.0468	872
0.0469	30
0.0469	97
0.047	396
0.0471	18
0.0471	27
0.0471	466
0.0472	85
0.0473	21
0.0473	25
0.0473	46
0.0473	91
0.0474	865
0.0475	174
0.0475	449
0.0475	763
0.0476	706
0.0477	50
0.0477	418
0.0477	489
0.0477	804
0.0478	35
0.0478	275
0.0478	820
0.0478	949
0.0479	33
0.0479	637
0.0479	676
0.0479	867
0.048	93
0.048	95
0.048	285
0.0481	664
0.0482	161
0.0482	210
0.0482	369
0.0483	167
0.0484	289
0.0484	513
0.0484	791
0.0485	23
0.0485	636
0.0486	279
0.0486	882
0.0486	951
0.0487	28
0.0487	98
0.0487	936
0.0488	60
0.0489	272
0.0489	400
0.049	408
0.0492	165
0.0492	309
0.0493	101
0.0493	464
0.0493	630
0.0494	54
0.0494	468
0.0494	922
0.0496	44
0.0497	729
0.0498	771
0.05	82
0.05	86
0.05	89
0.05	421
0.0501	3
0.0504	73
0.0504	84
0.0504	351
0.0507	81
0.0507	259
0.0509	391
0.0509	572
0.0509	848
0.051	189
0.051	920
0.0511	853
0.0513	404
0.0514	117
0.0515	239
0.0515	346
0.0515	575
0.0516	521
0.0516	824
0.0517	328
0.0517	457
0.0519	261
0.0519	403
0.052	249
0.052	282
0.052	601
0.052	985
0.0522	80
0.0522	535
0.0522	807
0.0523	202
0.0523	536
0.0524	665
0.0525	32
0.0525	215
0.0526	83
0.0526	565
0.0526	712
0.0527	475
0.0528	822
0.0529	825
0.053	921
0.0531	912
0.0532	502
0.0532	756
0.0533	483
0.0533	650
0.0534	45
0.0534	160
0.0534	307
0.0534	552
0.0534	860
0.0534	993
0.0536	0
0.0538	968
0.0539	310
0.054	780
0.054	827
0.0542	633
0.0543	336
0.0543	711
0.0544	893
0.0545	244
0.0545	265
0.0545	776
0.0546	109
0.0546	313
0.0547	472
0.0547	591
0.0547	829
0.0548	203
0.0548	634
0.0549	52
0.0549	373
0.0549	666
0.0549	705
0.055	176
0.055	504
0.055	747
0.055	781
0.055	982
0.0551	660
0.0551	674
0.0552	497
0.0552	499
0.0553	200
0.0553	811
0.0554	300
0.0554	390
0.0554	520
0.0555	826
0.0555	874
0.0556	737
0.0557	366
0.0558	740
0.0559	744
0.0559	787
0.056	339
0.0561	74
0.0561	416
0.0562	199
0.0562	235
0.0562	616
0.0563	773
0.0564	34
0.0566	754
0.0566	877
0.0567	280
0.0567	322
0.0567	401
0.0567	645
0.0567	931
0.0568	85
0.0568	642
0.0571	24
0.0571	458
0.0571	722
0.0572	6
0.0572	79
0.0572	506
0.0572	970
0.0573	435
0.0574	887
0.0575	21
0.0575	903
0.0576	759
0.0577	349
0.0577	878
0.0578	586
0.0579	206
0.058	169
0.0581	25
0.0582	808
0.0584	463
0.0585	255
0.0585	658
0.0585	915
0.0585	950
0.0586	65
0.0587	673
0.0588	227
0.0588	707
0.0589	92
0.0589	393
0.0589	608
0.059	445
0.059	917
0.0592	491
0.0592	918
0.0593	46
0.0593	48
0.0594	96
0.0594	191
0.0595	558
0.0595	635
0.0595	817
0.0595	876
0.0596	55
0.0596	684
0.0597	18
0.0597	98
0.0597	395
0.06	118
0.06	193
0.0601	768
0.0602	528
0.0603	108
0.0603	941
0.0604	9
0.0604	316
0.0604	955
0.0605	33
0.0606	104
0.0606	843
0.0608	767
0.0609	187
0.0609	334
0.061	314
0.0611	213
0.0611	354
0.0611	964
0.0612	275
0.0612	341
0.0613	91
0.0614	596
0.0615	672
0.0615	750
0.0616	174
0.0616	266
0.0618	584
0.0618	851
0.062	929
0.0621	69
0.0621	276
0.0621	685
0.0622	99
0.0623	753
0.0623	896
0.0624	28
0.0624	551
0.0624	613
0.0625	963
0.0625	997
0.0626	391
0.0626	763
0.0626	792
0.0628	16
0.0628	71
0.0628	647
0.0629	5
0.0629	97
0.0629	353
0.0629	677
0.0629	680
0.0629	907
0.063	20
0.0631	135
0.0631	145
0.0633	50
0.0633	267
0.0634	735
0.0634	984
0.0636	228
0.0636	987
0.0637	40
0.0638	54
0.0638	113
0.0638	543
0.0638	563
0.0638	923
0.0638	977
0.0639	807
0.0642	668
0.0643	35
0.0643	42
0.0643	966
0.0644	86
0.0644	198
0.0644	307
0.0644	659
0.0646	125
0.0647	2
0.0647	109
0.0647	186
0.0647	320
0.0648	26
0.0648	95
0.0648	490
0.065	43
0.0651	478
0.0651	592
0.0652	464
0.0652	844
0.0652	898
0.0655	522
0.0655	654
0.0655	986
0.0656	81
0.0656	380
0.0656	448
0.0657	488
0.0657	530
0.0658	347
0.0658	362
0.0658	924
0.066	137
0.066	547
0.0661	30
0.0661	247
0.0661	264
0.0661	367
0.0662	75
0.0662	257
0.0662	548
0.0663	168
0.0663	232
0.0663	604
0.0663	870
0.0664	119
0.0664	835
0.0665	220
0.0666	748
0.0667	594
0.0667	973
0.0668	597
0.0668	772
0.067	194
0.067	840
0.0671	525
0.0672	126
0.0672	899
0.0674	400
0.0674	769
0.0675	369
0.0675	784
0.0675	912
0.0677	279
0.0677	337
0.0677	709
0.0677	856
0.0678	439
0.0678	733
0.0678	827
0.0678	971
0.0679	22
0.0679	202
0.068	900
0.0681	742
0.0682	486
0.0683	52
0.0683	201
0.0683	764
0.0684	74
0.0684	484
0.0685	591
0.0685	939
0.0686	324
0.0686	585
0.0686	886
0.0687	618
0.0687	728
0.0689	376
0.0689	419
0.0689	556
0.069	822
0.069	847
0.0691	21
0.0691	483
0.0692	892
0.0695	504
0.0695	836
0.0696	251
0.0696	749
0.0697	381
0.0697	739
0.0698	24
0.0698	143
0.0698	479
0.0698	552
0.0698	616
0.0699	29
0.0699	447
0.0699	581
0.07	667
0.0701	806
0.0701	930
0.0702	401
0.0702	614
0.0702	944
0.0703	176
0.0703	593
0.0703	781
0.0703	810
0.0705	72
0.0705	192
0.0706	289
0.0706	407
0.0706	570
0.0706	852
0.0706	914
0.0706	953
0.0707	185
0.0707	731
0.0707	860
0.0707	949
0.0708	703
0.0708	959
0.0709	37
0.0709	182
0.0709	660
0.071	85
0.071	313
0.071	536
0.0711	170
0.0711	265
0.0713	666
0.0715	89
0.0716	160
0.0716	976
0.0717	73
0.0717	418
0.0717	776
0.0718	19
0.0718	110
0.0718	284
0.0718	350
0.0718	636
0.0719	248
0.0719	372
0.072	318
0.072	513
0.0721	141
0.0721	328
0.0722	640
0.0723	650
0.0723	882
0.0724	394
0.0724	460
0.0724	845
0.0725	0
0.0725	894
0.0726	309
0.0726	415
0.0726	619
0.0726	679
0.0728	301
0.0729	3
0.0729	361
0.0733	84
0.0733	674
0.0733	787
0.0733	916
0.0734	206
0.0734	500
0.0737	298
0.0737	404
0.0737	979
0.0738	25
0.0738	82
0.0738	199
0.0738	466
0.0738	700
0.0739	219
0.074	94
0.074	249
0.074	872
0.0741	48
0.0742	497
0.0742	520
0.0742	699
0.0744	203
0.0744	262
0.0744	602
0.0745	475
0.0745	502
0.0747	27
0.0748	374
0.0749	758
0.0749	911
0.075	288
0.075	890
0.0754	278
0.0754	282
0.0755	370
0.0755	612
0.0756	664
0.0756	724
0.0756	773
0.0757	18
0.0757	474
0.0757	780
0.0758	491
0.0758	521
0.0758	993
0.0759	61
0.0759	79
0.0759	467
0.076	416
0.0761	253
0.0762	109
0.0762	385
0.0762	965
0.0763	47
0.0764	340
0.0764	848
0.0764	915
0.0765	8
0.0765	292
0.0766	368
0.0767	80
0.0767	793
0.0768	98
0.0768	138
0.0769	260
0.0769	345
0.077	32
0.077	300
0.077	642
0.077	903
0.0771	65
0.0771	327
0.0771	662
0.0771	706
0.0774	438
0.0775	384
0.0776	440
0.0776	590
0.0777	33
0.0777	46
0.0777	518
0.0777	906
0.0777	968
0.0778	658
0.0779	607
0.0779	635
0.078	152
0.078	235
0.078	399
0.0782	45
0.0782	807
0.0785	881
0.0786	766
0.0787	681
0.0787	829
0.0788	918
0.0789	215
0.079	28
0.079	87
0.079	801
0.0791	310
0.0791	824
0.0792	116
0.0792	180
0.0792	745
0.0792	826
0.0793	57
0.0793	93
0.0794	197
0.0794	322
0.0794	756
0.0795	951
0.0796	808
0.0798	441
0.0798	931
0.08	974
0.0801	458
0.0802	50
0.0802	515
0.0802	673
0.0802	677
0.0804	823
0.0805	108
0.0806	534
0.0807	558
0.0807	562
0.0808	213
0.0808	422
0.0808	622
0.0809	12
0.0809	70
0.0809	364
0.0809	526
0.0811	174
0.0811	867
0.0812	333
0.0812	436
0.0812	451
0.0813	135
0.0815	339
0.0815	449
0.0817	850
0.0817	967
0.0819	106
0.0819	145
0.0819	159
0.0819	246
0.0819	830
0.0819	871
0.0819	955
0.082	233
0.082	917
0.0821	538
0.0822	20
0.0822	132
0.0822	216
0.0822	391
0.0823	672
0.0824	560
0.0825	97
0.0826	52
0.0828	184
0.0828	582
0.0828	873
0.0829	351
0.0829	363
0.0829	366
0.0829	403
0.0829	817
0.083	34
0.0831	81
0.0831	118
0.0831	523
0.0831	768
0.0832	169
0.0832	457
0.0832	726
0.0833	9
0.0833	473
0.0833	727
0.0835	735
0.0835	912
0.0835	936
0.0836	864
0.0836	866
0.0836	950
0.0837	86
0.0837	487
0.0837	665
0.0838	375
0.0838	481
0.0838	802
0.0838	925
0.0839	659
0.084	320
0.0841	21
0.0841	201
0.0841	478
0.0841	736
0.0842	54
0.0842	923
0.0843	276
0.0844	259
0.0844	876
0.0845	14
0.0846	123
0.0846	464
0.0846	712
0.0846	964
0.0848	616
0.0849	26
0.0849	56
0.0849	140
0.0849	705
0.085	514
0.0851	265
0.0851	747
0.0852	471
0.0852	895
0.0852	973
0.0853	990
0.0854	307
0.0855	16
0.0855	423
0.0855	593
0.0856	35
0.0856	932
0.0857	379
0.0857	778
0.0858	472
0.086	579
0.0861	522
0.0863	504
0.0864	809
0.0864	851
0.0865	239
0.0866	290
0.0866	994
0.0867	137
0.0867	536
0.0868	122
0.0868	352
0.0868	365
0.0868	744
0.087	176
0.0871	95
0.0871	620
0.0871	832
0.0872	117
0.0872	430
0.0873	48
0.0874	877
0.0875	308
0.0876	102
0.0876	247
0.0878	109
0.0878	255
0.0878	313
0.0879	556
0.0879	722
0.0879	910
0.0881	148
0.0881	267
0.0881	531
0.0882	505
0.0882	835
0.0883	25
0.0883	791
0.0884	591
0.0884	939
0.0884	997
0.0885	275
0.0885	446
0.0887	51
0.0887	694
0.0888	585
0.0888	812
0.0889	83
0.0889	984
0.089	24
0.089	30
0.089	551
0.0891	210
0.0891	827
0.0892	857
0.0892	922
0.0893	610
0.0894	581
0.0895	666
0.0896	781
0.0898	604
0.0899	96
0.0899	509
0.09	78
0.09	91
0.09	723
0.0901	409
0.0902	273
0.0902	401
0.0902	843
0.0905	183
0.0905	380
0.0906	71
0.0906	328
0.0906	884
0.0906	929
0.0907	445
0.0908	134
0.0908	217
0.0908	548
0.0909	763
0.0909	914
0.091	347
0.0911	753
0.0912	270
0.0912	525
0.0912	806
0.0913	40
0.0913	463
0.0913	680
0.0914	804
0.0915	99
0.0915	860
0.0916	75
0.0916	743
0.0917	435
0.0917	916
0.0917	988
0.0918	79
0.0918	85
0.0918	491
0.0919	970
0.0921	856
0.0923	27
0.0924	4
0.0924	915
0.0925	194
0.0926	354
0.0927	18
0.0929	447
0.0931	74
0.0932	513
0.0932	719
0.0933	198
0.0933	853
0.0933	920
0.0936	203
0.0936	502
0.0937	452
0.0937	552
0.0938	33
0.0938	279
0.0939	484
0.094	228
0.0942	410
0.0942	479
0.0942	650
0.0942	733
0.0943	119
0.0943	160
0.0943	634
0.0943	993
0.0944	597
0.0946	395
0.0947	565
0.0947	663
0.0948	243
0.0948	605
0.0948	807
0.0949	930
0.0952	658
0.0952	844
0.0952	893
0.0953	3
0.0953	314
0.0953	394
0.0954	59
0.0955	0
0.0955	126
0.0955	695
0.0955	776
0.0956	358
0.0957	319
0.0957	475
0.0958	46
0.0958	576
0.0959	219
0.0959	968
0.096	98
0.0961	82
0.0961	845
0.0962	784
0.0963	22
0.0963	787
0.0964	608
0.0966	528
0.0968	143
0.0969	645
0.0971	466
0.0971	545
0.0973	619
0.0974	453
0.0976	887
0.0977	5
0.0977	28
0.0977	497
0.0977	614
0.0978	42
0.0978	418
0.0979	894
0.0979	940
0.098	918
0.0981	242
0.0981	262
0.0984	37
0.0984	520
0.0986	21
0.0986	563
0.0986	872
0.0987	8
0.0988	780
0.0989	292
0.0989	635
0.099	196
0.0991	104
0.0992	89
0.0992	567
0.0992	822
0.0993	244
0.0993	530
0.0994	87
0.0994	774
0.0995	94
0.0996	413
0.0996	570
0.0997	206
0.0997	372
0.0997	397
0.0997	676
0.0997	728
0.0997	730
0.0998	911
0.0999	874
0.0999	903
0.1	50
0.1	349
0.1	931
0.1001	105
0.1002	174
0.1003	107
0.1003	110
0.1004	221
0.1005	20
0.1005	186
0.1005	318
0.1005	594
0.1006	362
0.1006	373
0.1007	77
0.1009	48
0.1009	571
0.101	182
0.101	462
0.1011	26
0.1011	871
0.1012	674
0.1013	109
0.1013	213
0.1013	773
0.1014	101
0.1015	32
0.1015	709
0.1017	537
0.1018	86
0.1018	370
0.1018	419
0.1018	756
0.1019	287
0.1019	381
0.1019	592
0.102	19
0.102	52
0.102	54
0.102	239
0.102	338
0.1021	458
0.1022	590
0.1022	923
0.1023	971
0.1024	761
0.1024	886
0.1024	941
0.1025	135
0.1025	438
0.1025	642
0.1026	165
0.1026	518
0.1027	660
0.1029	265
0.1029	391
0.1029	697
0.1029	814
0.103	707
0.1031	416
0.1031	512
0.1032	369
0.1032	616
0.1033	558
0.1034	264
0.1034	307
0.1034	457
0.1036	316
0.1036	541
0.1036	555
0.1036	951
0.1037	485
0.1038	187
0.104	286
0.104	685
0.1041	65
0.1041	125
0.1041	282
0.1041	499
0.1041	522
0.1041	665
0.1042	708
0.1045	60
0.1045	965
0.1046	705
0.1046	875
0.1048	673
0.1048	739
0.1048	817
0.1049	662
0.1049	769
0.105	25
0.105	448
0.105	669
0.105	870
0.1052	793
0.1053	508
0.1053	808
0.1054	322
0.1055	116
0.1055	227
0.1055	896
0.1056	81
0.1056	202
0.1056	500
0.1056	764
0.1057	625
0.1058	535
0.1058	792
0.106	320
0.106	543
0.1062	749
0.1062	881
0.1063	293
0.1063	912
0.1064	9
0.1064	591
0.1064	667
0.1064	706
0.1064	746
0.1064	847
0.1065	108
0.1065	251
0.1065	767
0.1065	961
0.1066	897
0.1067	97
0.1067	504
0.1069	385
0.107	17
0.107	168
0.107	987
0.1071	300
0.1071	899
0.1072	387
0.1073	257
0.1073	955
0.1074	172
0.1074	176
0.1074	748
0.1074	917
0.1077	85
0.1077	986
0.108	298
0.108	677
0.1081	34
0.1082	96
0.1083	947
0.1084	6
0.1084	80
0.1085	47
0.1085	169
0.1085	584
0.1085	934
0.1086	91
0.1086	742
0.1087	44
0.1087	376
0.1088	61
0.1088	276
0.1088	313
0.1088	488
0.1088	505
0.1089	247
0.1089	253
0.1089	324
0.109	33
0.109	249
0.109	623
0.109	736
0.1091	40
0.1091	310
0.1092	408
0.1092	422
0.1092	593
0.1092	929
0.1092	964
0.1094	716
0.1094	747
0.1095	984
0.1097	366
0.1097	491
0.1098	193
0.1098	361
0.1098	572
0.1099	486
0.1099	827
0.1099	835
0.11	237
0.11	421
0.11	946
0.1101	794
0.1102	106
0.1102	659
0.1104	2
0.1104	464
0.1104	536
0.1104	838
0.1105	580
0.1106	515
0.1106	678
0.1107	21
0.1107	255
0.1107	979
0.1108	465
0.1108	939
0.1109	367
0.1109	490
0.1109	722
0.1109	744
0.1109	860
0.111	95
0.111	651
0.1111	137
0.1111	478
0.1111	501
0.1111	607
0.1112	266
0.1112	640
0.1113	35
0.1113	180
0.1114	18
0.1115	79
0.1115	142
0.1115	273
0.1115	915
0.1116	117
0.1116	284
0.1116	581
0.1117	483
0.1117	763
0.1118	435
0.1118	806
0.1119	24
0.1119	824
0.1119	884
0.112	83
0.112	807
0.1121	248
0.1121	977
0.1122	340
0.1123	56
0.1123	451
0.1123	781
0.1123	876
0.1124	347
0.1125	582
0.1125	973
0.1126	223
0.1126	648
0.1126	714
0.1127	45
0.1127	220
0.1127	299
0.1127	401
0.1127	712
0.1127	948
0.1128	235
0.1128	404
0.1128	851
0.1128	877
0.1129	538
0.1129	882
0.1131	218
0.1131	699
0.1131	937
0.1132	710
0.1133	406
0.1134	93
0.1134	339
0.1134	680
0.1134	968
0.1135	892
0.1135	953
0.1137	423
0.1138	694
0.114	48
0.114	72
0.114	145
0.114	201
0.114	826
0.114	993
0.1141	658
0.1142	28
0.1142	922
0.1143	289
0.1143	463
0.1144	449
0.1144	672
0.1146	428
0.1146	552
0.1147	30
0.1148	475
0.1148	596
0.1149	199
0.115	173
0.115	472
0.1151	380
0.1153	102
0.1156	98
0.1156	126
0.1157	375
0.1157	681
0.1157	729
0.1157	848
0.1158	399
0.1158	682
0.1159	502
0.1159	839
0.1159	893
0.116	74
0.1161	585
0.1161	801
0.1162	3
0.1163	666
0.1163	840
0.1164	51
0.1164	551
0.1164	630
0.1164	867
0.1164	959
0.1165	52
0.1165	442
0.1165	733
0.1165	796
0.1166	239
0.1167	869
0.1168	109
0.1168	118
0.1168	548
0.1168	820
0.1168	916
0.1169	776
0.1171	88
0.1171	328
0.1171	507
0.1171	654
0.1172	147
0.1173	597
0.1173	787
0.1174	160
0.1174	547
0.1175	836
0.1176	664
0.1177	46
0.1177	84
0.1177	702
0.1178	20
0.1178	556
0.1179	89
0.1179	403
0.1179	560
0.118	26
0.1181	516
0.1181	562
0.1182	885
0.1183	104
0.1183	335
0.1183	563
0.1183	822
0.1183	970
0.1184	0
0.1184	337
0.1185	307
0.1185	918
0.1186	174
0.1186	990
0.1186	997
0.1187	856
0.1187	920
0.1188	4
0.1188	71
0.1188	78
0.1188	99
0.1189	349
0.119	768
0.1191	791
0.1192	351
0.1193	418
0.1193	635
0.1195	576
0.1197	194
0.1197	802
0.1197	982
0.1198	445
0.1198	864
0.12	182
0.12	817
0.1201	152
0.1201	267
0.1201	345
0.1201	525
0.1201	650
0.1201	674
0.1202	484
0.1202	521
0.1202	616
0.1202	740
0.1203	753
0.1203	871
0.1203	907
0.1204	86
0.1204	159
0.1204	265
0.1204	314
0.1204	350
0.1204	430
0.1204	487
0.1204	818
0.1205	278
0.1205	460
0.1205	509
0.1205	605
0.1206	65
0.1206	121
0.1207	54
0.1207	447
0.1207	590
0.1207	903
0.1208	81
0.1209	49
0.1209	135
0.1209	143
0.1209	416
0.1209	574
0.1209	782
0.121	400
0.121	735
0.1211	50
0.1211	427
0.1212	618
0.1212	731
0.1213	148
0.1213	481
0.1213	752
0.1214	259
0.1214	493
0.1214	575
0.1215	111
0.1216	642
0.1217	967
0.122	22
0.122	504
0.1221	192
0.1221	384
0.1221	391
0.1221	473
0.1222	830
0.1223	191
0.1223	215
0.1223	951
0.1224	950
0.1225	594
0.1225	932
0.1226	110
0.1226	773
0.1227	275
0.1227	514
0.1228	19
0.1229	21
0.1229	25
0.1229	845
0.1229	923
0.123	914
0.1231	73
0.1231	866
0.1232	784
0.1233	520
0.1234	766
0.1235	497
0.1236	183
0.1236	485
0.1237	128
0.1237	372
0.1237	921
0.1238	700
0.1238	793
0.1239	27
0.1239	614
0.1239	634
0.1239	924
0.124	637
0.1241	33
0.1241	466
0.1241	604
0.1242	467
0.1243	94
0.1243	353
0.1243	407
0.1244	364
0.1244	645
0.1244	780
0.1245	40
0.1245	97
0.1245	660
0.1246	872
0.1247	318
0.1247	522
0.1248	491
0.1248	844
0.1249	2
0.1249	233
0.1249	832
0.1249	955
0.125	778
0.125	917
0.1251	369
0.1252	213
0.1252	518
0.1253	852
0.1254	134
0.1255	262
0.1255	425
0.1257	82
0.1257	85
0.1257	843
0.1259	48
0.1259	368
0.126	288
0.126	974
0.1261	758
0.1262	210
0.1262	808
0.1263	417
0.1263	936
0.1264	316
0.1264	393
0.1267	322
0.1267	815
0.1268	342
0.1268	478
0.127	355
0.127	530
0.1271	138
0.1271	453
0.1272	506
0.1272	781
0.1273	5
0.1273	79
0.1274	441
0.1274	482
0.1275	747
0.1276	119
0.1276	270
0.1277	401
0.1277	835
0.1278	9
0.1278	156
0.1278	779
0.1278	912
0.1279	711
0.128	320
0.128	464
0.1281	247
0.1281	673
0.1281	831
0.1282	137
0.1282	807
0.1283	685
0.1284	419
0.1285	8
0.1285	598
0.1286	884
0.1287	341
0.1287	458
0.1287	536
0.1287	705
0.1289	260
0.129	526
0.1291	544
0.1292	931
0.1294	488
0.1294	812
0.1295	878
0.1297	890
0.1298	825
0.1299	672
0.1299	749
0.13	253
0.13	452
0.13	727
0.1301	108
0.1301	620
0.1302	18
0.1302	552
0.1302	894
0.1303	313
0.1303	723
0.1304	743
0.1305	87
0.1305	709
0.1306	949
0.1307	96
0.1307	479
0.1308	706
0.1309	42
0.1309	264
0.1309	876
0.131	570
0.131	659
0.1311	331
0.1311	827
0.1311	964
0.1311	973
0.1312	77
0.1312	98
0.1312	170
0.1312	279
0.1313	198
0.1313	658
0.1313	665
0.1313	736
0.1313	789
0.1314	282
0.1314	365
0.1316	109
0.1317	352
0.1317	940
0.1318	362
0.1318	543
0.1318	860
0.132	200
0.1321	366
0.1321	558
0.1324	850
0.1324	981
0.1324	993
0.1325	199
0.1325	666
0.1325	775
0.1326	28
0.1326	118
0.1327	225
0.1328	126
0.1328	500
0.1328	581
0.1329	145
0.1329	370
0.1329	804
0.133	165
0.1331	984
0.1332	91
0.1332	116
0.1332	276
0.1332	915
0.1333	30
0.1333	113
0.1334	203
0.1335	24
0.1336	117
0.1336	607
0.1337	930
0.1338	75
0.1338	394
0.1338	874
0.1338	901
0.1339	176
0.1339	916
0.134	52
0.134	847
0.1341	348
0.1341	742
0.1342	20
0.1342	776
0.1343	34
0.1343	169
0.1343	457
0.1343	712
0.1343	829
0.1344	125
0.1344	765
0.1345	403
0.1346	251
0.1346	265
0.1346	870
0.1347	495
0.1347	728
0.135	699
0.1351	38
0.1351	83
0.1351	395
0.1351	591
0.1351	929
0.1352	616
0.1353	14
0.1353	32
0.1353	842
0.1354	898
0.1359	227
0.1359	310
0.1359	505
0.1361	26
0.1361	965
0.1362	16
0.1362	380
0.1363	694
0.1363	873
0.1364	86
0.1364	106
0.1364	289
0.1364	756
0.1365	496
0.1365	918
0.1366	48
0.1367	293
0.1367	677
0.1367	806
0.1368	338
0.1369	504
0.137	123
0.137	475
0.137	817
0.137	911
0.1371	328
0.1371	824
0.1372	107
0.1373	292
0.1373	463
0.1373	635
0.1374	613
0.1374	822
0.1375	347
0.1375	681
0.1377	381
0.1377	833
0.1379	676
0.1381	180
0.1381	255
0.1381	391
0.1382	135
0.1382	486
0.1382	502
0.1382	579
0.1383	21
0.1383	25
0.1383	220
0.1384	235
0.1384	308
0.1385	56
0.1386	239
0.1386	971
0.1387	903
0.1389	85
0.1389	349
0.1389	390
0.139	171
0.139	307
0.139	602
0.139	642
0.139	722
0.1391	597
0.1392	563
0.1393	619
0.1394	0
0.1394	300
0.1397	110
0.1398	160
0.1398	206
0.14	361
0.14	491
0.1401	95
0.1401	334
0.1401	551
0.1402	43
0.1403	877
0.1404	46
0.1405	923
0.1407	54
0.1407	716
0.1408	57
0.1408	538
0.141	875
0.1411	354
0.1412	608
0.1413	50
0.1413	614
0.1414	65
0.1414	197
0.1414	585
0.1415	61
0.1416	201
0.1416	408
0.1416	522
0.1416	674
0.1416	910
0.1417	548
0.1417	768
0.1418	290
0.1418	416
0.1418	438
0.1418	763
0.1419	899
0.142	992
0.1421	571
0.1422	33
0.1422	802
0.1423	174
0.1423	339
0.1423	759
0.1424	185
0.1424	217
0.1425	89
0.1425	275
0.1425	955
0.1426	447
0.1426	787
0.1427	895
0.1428	684
0.1429	81
0.1429	730
0.1429	856
0.143	40
0.143	194
0.143	243
0.143	900
0.1431	3
0.1434	37
0.1434	99
0.1434	181
0.1435	448
0.1435	451
0.1435	912
0.1438	373
0.1438	523
0.1438	582
0.1438	987
0.1439	80
0.1439	202
0.144	35
0.144	228
0.144	367
0.1441	772
0.1442	707
0.1444	17
0.1444	685
0.1445	744
0.1447	9
0.1447	835
0.1448	472
0.1449	410
0.1449	939
0.1451	168
0.1451	187
0.1451	313
0.1451	634
0.1451	807
0.1452	545
0.1452	840
0.1452	917
0.1452	968
0.1453	882
0.1455	215
0.1455	247
0.1455	418
0.1456	484
0.1457	845
0.1457	979
0.1458	6
0.1458	324
0.1459	236
0.146	109
0.146	535
0.1461	363
0.1461	423
0.1462	143
0.1462	650
0.1463	92
0.1464	249
0.1465	93
0.1465	753
0.1466	18
0.1466	119
0.1466	404
0.1467	508
0.1467	781
0.1467	887
0.147	466
0.1471	473
0.1472	445
0.1472	724
0.1473	945
0.1474	155
0.1474	267
0.1474	384
0.1474	663
0.1474	792
0.1474	925
0.1475	594
0.1476	246
0.1476	458
0.1477	997
0.1478	101
0.148	636
0.148	660
0.148	893
0.1482	320
0.1483	944
0.1484	662
0.1485	91
0.1485	808
0.1486	316
0.1487	22
0.1487	248
0.1489	262
0.149	28
0.149	71
0.149	769
0.1491	586
0.1491	640
0.1491	658
0.1491	705
0.1491	851
0.1492	397
0.1492	680
0.1493	52
0.1493	665
0.1493	883
0.1497	19
0.1497	860
0.1498	94
0.1498	555
0.1499	237
0.1499	497
0.1499	525
0.15	213
0.15	430
0.15	961
0.1502	449
0.1502	906
0.1503	59
0.1503	103
0.1503	481
0.1503	844
0.1503	946
0.1504	97
0.1504	351
0.1504	512
0.1504	540
0.1504	780
0.1505	319
0.1505	421
0.1505	478
0.1505	610
0.1505	960
0.1506	79
0.1506	193
0.1506	340
0.1506	464
0.1506	836
0.1506	872
0.1507	863
0.1509	87
0.151	593
0.151	755
0.151	857
0.1512	253
0.1513	773
0.1515	45
0.1515	282
0.1515	572
0.1515	986
0.1516	827
0.1517	82
0.1517	176
0.1517	439
0.1518	73
0.1518	793
0.1518	876
0.1519	21
0.1519	48
0.1519	265
0.1519	364
0.1519	709
0.1521	375
0.1521	967
0.1522	221
0.1522	435
0.1522	733
0.1522	951
0.1523	142
0.1523	791
0.1524	26
0.1524	156
0.1524	536
0.1524	915
0.1527	487
0.1527	520
0.153	953
0.1532	659
0.1533	20
0.1533	581
0.1533	886
0.1534	401
0.1534	591
0.1534	871
0.1534	918
0.1534	950
0.1535	673
0.1536	376
0.1537	457
0.1538	126
0.1539	731
0.1539	788
0.154	299
0.154	894
0.1541	203
0.1541	446
0.1541	853
0.1542	959
0.1543	84
0.1544	86
0.1545	485
0.1545	552
0.1546	116
0.1549	98
0.1549	633
0.1549	929
0.1551	515
0.1552	616
0.1552	622
0.1552	993
0.1553	180
0.1554	25
0.1555	219
0.1555	513
0.1555	556
0.1555	666
0.1556	970
0.1557	490
0.1558	365
0.1559	72
0.1559	108
0.1559	310
0.1559	590
0.1559	739
0.156	83
0.156	504
0.1561	318
0.1561	413
0.1561	672
0.1562	85
0.1562	778
0.1563	0
0.1563	534
0.1564	884
0.1564	923
0.1565	34
0.1565	328
0.1565	809
0.1566	604
0.1567	239
0.1568	74
0.1569	24
0.1569	106
0.1569	491
0.157	419
0.157	817
0.157	848
0.1571	307
0.1573	474
0.1574	113
0.1575	488
0.1575	914
0.1576	33
0.1576	118
0.1576	135
0.1576	169
0.1576	276
0.1577	47
0.1579	784
0.1581	502
0.1581	927
0.1583	27
0.1583	81
0.1583	391
0.1583	764
0.1585	8
0.1585	256
0.1586	61
0.1586	292
0.1586	350
0.1586	737
0.1587	562
0.1587	645
0.1587	674
0.1587	677
0.1588	279
0.1588	826
0.1589	53
0.1589	776
0.159	104
0.1591	244
0.1592	56
0.1592	137
0.1593	522
0.1593	756
0.1594	349
0.1595	54
0.1595	596
0.1597	278
0.1597	968
0.16	374
0.1601	344
0.1601	393
0.1603	922
0.1604	182
0.1604	241
0.1605	2
0.1605	215
0.1605	903
0.1606	183
0.1606	403
0.1607	463
0.1607	728
0.1608	229
0.1609	65
0.1609	422
0.1609	518
0.1609	528
0.161	347
0.161	538
0.1611	558
0.1612	362
0.1613	109
0.1613	698
0.1615	268
0.1616	570
0.1617	501
0.1617	984
0.1618	152
0.1619	160
0.1619	460
0.162	416
0.162	565
0.162	971
0.1621	366
0.1621	931
0.1622	849
0.1624	99
0.1625	380
0.1625	440
0.1627	530
0.1628	174
0.1628	314
0.1628	787
0.163	50
0.1631	521
0.1631	936
0.1632	42
0.1632	255
0.1632	878
0.1633	134
0.1634	32
0.1634	136
0.1634	664
0.1634	743
0.1634	847
0.1634	917
0.1634	955
0.1634	964
0.1636	95
0.1636	509
0.1636	635
0.1637	767
0.1637	803
0.164	284
0.1641	699
0.1641	839
0.1642	18
0.1642	892
0.1644	747
0.1644	758
0.1644	977
0.1645	79
0.1645	505
0.1645	807
0.1646	438
0.1646	822
0.1647	794
0.1648	46
0.1648	264
0.1649	91
0.1649	752
0.1649	978
0.165	60
0.165	233
0.165	453
0.1652	35
0.1652	89
0.1652	650
0.1652	667
0.1653	9
0.1654	654
0.1654	749
0.1654	774
0.1654	810
0.1657	394
0.1657	748
0.1658	341
0.1659	947
0.1659	965
0.1661	835
0.1661	866
0.1662	585
0.1663	418
0.1663	744
0.1663	973
0.1664	131
0.1664	300
0.1664	949
0.1665	320
0.1665	593
0.1666	289
0.1666	833
0.1667	10
0.1667	49
0.1667	592
0.1668	201
0.1668	210
0.1668	694
0.1668	781
0.1669	3
0.167	40
0.167	125
0.167	601
0.167	630
0.167	702
0.1671	96
0.1671	708
0.1671	806
0.1672	51
0.1674	16
0.1674	48
0.1674	345
0.1675	387
0.1676	658
0.1676	685
0.1677	482
0.1678	30
0.1678	75
0.1678	273
0.1678	370
0.1678	543
0.1679	140
0.1679	804
0.168	447
0.1681	28
0.1681	974
0.1683	52
0.1683	547
0.1683	548
0.1683	680
0.1684	322
0.1684	768
0.1685	5
0.1685	478
0.1685	676
0.1686	21
0.1686	818
0.1687	618
0.1689	812
0.1689	982
0.1691	26
0.1691	247
0.1691	539
0.1691	560
0.1692	197
0.1692	313
0.1692	536
0.1693	452
0.1693	808
0.1694	143
0.1695	915
0.1697	206
0.1697	395
0.1697	736
0.1698	148
0.1698	722
0.1698	860
0.1699	634
0.17	13
0.17	110
0.17	551
0.1701	86
0.1701	203
0.1701	265
0.1703	185
0.1703	372
0.1703	493
0.1703	594
0.1703	751
0.1703	830
0.1704	475
0.1706	660
0.1707	885
0.1709	500
0.1709	852
0.1709	979
0.171	44
0.171	85
0.171	712
0.1711	367
0.1711	552
0.1712	763
0.1713	275
0.1713	838
0.1714	119
0.1714	404
0.1714	563
0.1714	720
0.1714	723
0.1715	481
0.1716	485
0.1717	20
0.1717	128
0.1717	213
0.1717	706
0.1717	735
0.1717	824
0.1718	920
0.1719	176
0.1719	990
0.172	845
0.1721	200
0.1721	483
0.1722	145
0.1722	371
0.1723	25
0.1723	123
0.1723	401
0.1724	912
0.1725	993
0.1726	464
0.1728	282
0.1728	871
0.1729	472
0.173	381
0.173	659
0.1731	78
0.1731	252
0.1731	441
0.1731	591
0.1733	861
0.1735	165
0.1736	135
0.1736	253
0.1736	619
0.1737	473
0.1737	705
0.1737	941
0.1738	24
0.1739	108
0.1739	672
0.1739	673
0.1739	874
0.1739	918
0.174	14
0.174	117
0.174	491
0.174	497
0.1741	486
0.1742	97
0.1742	239
0.1742	556
0.1743	391
0.1743	597
0.1744	199
0.1744	516
0.1744	893
0.1746	94
0.1746	191
0.1746	457
0.1746	924
0.1748	235
0.1748	504
0.1749	262
0.1749	267
0.1749	567
0.1751	665
0.1752	605
0.1752	707
0.1752	997
0.1754	310
0.1754	616
0.1755	514
0.1755	582
0.1756	106
0.1756	170
0.1757	57
0.1757	674
0.1758	54
0.1758	430
0.1758	462
0.1758	508
0.1759	288
0.1759	399
0.1759	604
0.1759	780
0.1759	966
0.176	307
0.1761	81
0.1762	666
0.1763	198
0.1763	458
0.1764	76
0.1765	714
0.1765	729
0.1765	907
0.1766	579
0.1767	33
0.1767	471
0.1767	923
0.1768	515
0.1768	535
0.1768	608
0.1768	851
0.1768	901
0.1769	520
0.177	309
0.1772	109
0.1772	642
0.1772	802
0.1773	98
0.1773	376
0.1773	873
0.1774	568
0.1776	445
0.1776	506
0.1777	27
0.1777	82
0.1777	88
0.1777	425
0.1778	65
0.1778	93
0.1778	555
0.1779	662
0.178	402
0.178	898
0.1781	817
0.1782	753
0.1783	917
0.1784	74
0.1784	328
0.1784	876
0.1785	220
0.1785	730
0.1785	760
0.1785	932
0.1785	940
0.1787	279
0.1787	537
0.1787	703
0.1787	773
0.1788	583
0.1789	315
0.1789	334
0.1789	709
0.179	174
0.1791	227
0.1792	118
0.1792	602
0.1792	766
0.1793	484
0.1794	369
0.1794	731
0.1795	465
0.1796	95
0.1796	538
0.1798	87
0.1798	169
0.1798	984
0.1799	71
0.1799	79
0.1799	259
0.1799	384
0.18	827
0.1802	276
0.1803	48
0.1803	251
0.1803	488
0.1803	895
0.1804	807
0.1805	377
0.1806	903
0.1806	963
0.1808	512
0.1808	884
0.1809	228
0.1809	364
0.1809	872
0.1812	742
0.1812	955
0.1813	338
0.1813	829
0.1813	844
0.1813	931
0.1814	513
0.1815	6
0.1815	168
0.1815	194
0.1815	681
0.1815	776
0.1818	373
0.1818	914
0.1819	83
0.1819	423
0.182	677
0.1821	22
0.1821	91
0.1821	733
0.1822	626
0.1823	9
0.1823	576
0.1824	911
0.1827	266
0.1828	18
0.1828	52
0.1829	316
0.1829	856
0.183	69
0.183	215
0.183	255
0.183	814
0.183	929
0.1831	419
0.1832	160
0.1832	523
0.1833	59
0.1833	970
0.1834	186
0.1836	352
0.1836	463
0.1837	778
0.1838	894
0.1838	899
0.184	50
0.184	843
0.1841	116
0.1842	518
0.1842	525
0.1843	21
0.1843	416
0.1843	784
0.1844	324
0.1844	916
0.1845	347
0.1846	38
0.1846	351
0.1847	40
0.1847	85
0.1847	269
0.1847	358
0.1847	478
0.1848	318
0.1848	822
0.1848	951
0.1849	728
0.185	193
0.185	769
0.185	950
0.1851	756
0.1851	842
0.1852	337
0.1852	403
0.1852	487
0.1853	590
0.1853	939
0.1854	99
0.1854	126
0.1854	477
0.1854	847
0.1856	265
0.1856	339
0.1856	355
0.1856	739
0.1856	976
0.1859	313
0.1859	380
0.1859	466
0.1859	864
0.1859	889
0.186	173
0.1861	45
0.1861	122
0.1862	42
0.1862	401
0.1863	28
0.1863	400
0.1865	333
0.1865	902
0.1865	925
0.1865	987
0.1866	368
0.1866	581
0.1867	202
0.1868	15
0.1869	25
0.187	308
0.1871	242
0.1871	270
0.1872	26
0.1872	964
0.1873	96
0.1873	451
0.1875	320
0.1876	548
0.1876	860
0.1876	949
0.1877	260
0.1877	815
0.1878	470
0.1878	787
0.1878	971
0.1879	84
0.188	223
0.188	448
0.1881	19
0.1883	247
0.1883	882
0.1883	944
0.1884	340
0.1884	528
0.1884	635
0.1884	658
0.1884	973
0.1885	89
0.1886	17
0.1886	495
0.1887	543
0.1888	438
0.1888	910
0.1889	109
0.1889	197
0.189	366
0.189	382
0.189	522
0.189	881
0.1891	453
0.1891	660
0.1891	697
0.1891	744
0.1892	34
0.1892	287
0.1892	650
0.1893	393
0.1893	722
0.1893	749
0.1894	86
0.1894	424
0.1894	507
0.1895	111
0.1896	993
0.1898	680
0.1899	435
0.1899	835
0.19	848
0.1901	699
0.1902	2
0.1902	125
0.1902	502
0.1903	20
0.1903	428
0.1903	840
0.1904	51
0.1904	509
0.1904	792
0.1904	965
0.1905	156
0.1905	536
0.1906	491
0.1906	663
0.1907	152
0.1907	201
0.1908	61
0.1908	248
0.1908	580
0.1909	653
0.1909	712
0.191	710
0.1911	665
0.1915	166
0.1915	331
0.1916	30
0.1916	298
0.1916	322
0.1916	986
0.1917	659
0.1917	736
0.1917	796
0.1917	857
0.1918	370
0.1919	81
0.1919	300
0.1919	319
0.192	585
0.192	804
0.1921	569
0.1921	836
0.1922	3
0.1922	8
0.1922	143
0.1922	307
0.1922	748
0.1922	781
0.1923	46
0.1923	349
0.1923	526
0.1923	616
0.1923	826
0.1923	883
0.1924	695
0.1927	35
0.1927	203
0.1927	887
0.1927	946
0.1928	284
0.1928	504
0.1929	135
0.1929	447
0.1932	4
0.1932	391
0.1933	375
0.1933	619
0.1934	73
0.1934	243
0.1934	915
0.1936	743
0.1937	14
0.1937	808
0.1938	32
0.1938	918
0.1939	967
0.194	361
0.1941	219
0.1941	354
0.1941	667
0.1941	959
0.1942	877
0.1943	239
0.1943	830
0.1944	137
0.1944	912
0.1944	941
0.1945	289
0.1945	591
0.1945	727
0.1945	922
0.1946	33
0.1946	563
0.1946	644
0.1947	824
0.1948	634
0.1948	637
0.1948	923
0.1949	410
0.1949	791
0.1949	807
0.1953	545
0.1953	570
0.1954	217
0.1955	48
0.1955	118
0.1955	415
0.1955	458
0.1955	845
0.1955	968
0.1956	0
0.1956	418
0.1957	475
0.1958	37
0.1958	716
0.1959	990
0.196	199
0.1961	187
0.1961	206
0.1963	213
0.1964	110
0.1964	437
0.1965	394
0.1965	565
0.1965	593
0.1965	674
0.1966	460
0.1966	551
0.1967	80
0.1967	97
0.1968	142
0.1969	52
0.1969	253
0.1969	345
0.1969	867
0.1972	582
0.1972	711
0.1973	275
0.1974	673
0.1975	264
0.1975	282
0.1975	817
0.1976	292
0.1976	936
0.1978	372
0.1978	472
0.1978	753
0.1979	930
0.198	362
0.198	558
0.198	793
0.1981	71
0.1981	249
0.1982	464
0.1983	60
0.1983	672
0.1986	267
0.1986	684
0.1986	839
0.1986	906
0.1987	381
0.1987	385
0.1987	584
0.1988	21
0.1988	176
0.1988	613
0.1988	886
0.1989	404
0.199	705
0.1991	290
0.1992	24
0.1992	350
0.1992	636
0.1992	768
0.1993	79
0.1993	439
0.1993	903
0.1994	262
0.1995	666
0.1996	314
0.1997	310
0.1999	82
0.1999	764
0.2	98
0.2	407
0.2001	145
0.2002	478
0.2002	725
0.2002	961
0.2003	16
0.2003	473
0.2003	597
0.2003	776
0.2004	50
0.2005	18
0.2005	884
0.2006	984
0.2009	123
0.2009	174
0.2009	779
0.201	54
0.201	620
0.2011	235
0.2012	70
0.2012	571
0.2013	917
0.2014	276
0.2014	279
0.2014	645
0.2014	763
0.2014	871
0.2015	56
0.2015	95
0.2015	755
0.2016	299
0.2016	974
0.2018	497
0.2019	91
0.2019	780
0.202	900
0.2021	25
0.2021	449
0.2021	614
0.2022	530
0.2023	870
0.2024	806
0.2024	947
0.2025	486
0.2025	894
0.2026	5
0.2026	518
0.2026	772
0.2028	104
0.2028	113
0.2028	148
0.2029	255
0.2029	265
0.2031	633
0.2032	172
0.2032	520
0.2032	685
0.2032	997
0.2033	27
0.2033	246
0.2034	994
0.2035	28
0.2036	773
0.2037	401
0.2039	775
0.204	109
0.2041	233
0.2043	955
0.2044	72
0.2045	101
0.2045	951
0.2046	182
0.2047	9
0.2047	47
0.2048	102
0.2048	788
0.205	83
0.2052	108
0.2052	160
0.2052	521
0.2052	605
0.2053	86
0.2053	823
0.2055	560
0.2056	74
0.2056	929
0.2059	78
0.2059	594
0.206	547
0.206	635
0.2061	119
0.2061	334
0.2061	441
0.2061	552
0.2061	851
0.2063	380
0.2064	328
0.2065	169
0.2065	556
0.2066	85
0.2066	185
0.2066	500
0.2066	861
0.2068	630
0.2069	993
0.207	784
0.2071	273
0.2071	747
0.2073	592
0.2075	430
0.2075	445
0.2075	504
0.2075	623
0.2075	660
0.2076	610
0.2076	835
0.2076	873
0.2077	457
0.2078	2
0.2079	65
0.2079	93
0.2079	658
0.208	491
0.208	525
0.208	590
0.208	931
0.2081	20
0.2083	364
0.2083	421
0.2083	539
0.2083	856
0.2084	48
0.2084	183
0.2084	200
0.2084	210
0.2084	522
0.2084	601
0.2086	19
0.2086	215
0.2086	416
0.2086	860
0.2087	33
0.2088	488
0.209	75
0.209	988
0.2092	247
0.2092	541
0.2092	971
0.2093	40
0.2093	538
0.2093	787
0.2093	822
0.2094	92
0.2096	307
0.2096	403
0.2099	448
0.2099	844
0.2099	911
0.21	895
0.2101	490
0.2102	802
0.2103	864
0.2104	46
0.2104	117
0.2104	363
0.2104	579
0.2105	677
0.2105	778
0.2106	57
0.2106	367
0.2107	218
0.2107	237
0.2108	915
0.211	26
0.211	30
0.211	950
0.211	964
0.2112	99
0.2112	194
0.2112	581
0.2113	369
0.2113	659
0.2113	672
0.2115	534
0.2116	347
0.2116	391
0.2116	616
0.2116	898
0.2117	203
0.2119	730
0.212	807
0.212	812
0.212	892
0.2121	6
0.2121	239
0.2122	535
0.2123	483
0.2123	709
0.2123	970
0.2124	81
0.2124	135
0.2124	923
0.2124	968
0.2125	466
0.2125	676
0.2126	132
0.2128	502
0.2128	591
0.2128	767
0.2129	52
0.2129	463
0.2129	712
0.2129	937
0.213	640
0.2131	438
0.2131	918
0.2132	45
0.2132	313
0.2132	418
0.2132	986
0.2133	548
0.2134	12
0.2135	137
0.2135	648
0.2135	781
0.2136	604
0.2138	808
0.2138	912
0.2139	79
0.2139	479
0.2139	827
0.214	42
0.2141	228
0.2141	451
0.2141	927
0.2142	21
0.2144	878
0.2145	744
0.2146	116
0.2147	300
0.2147	349
0.2147	750
0.2148	402
0.2148	708
0.2148	756
0.2149	722
0.2152	89
0.2152	543
0.2153	352
0.2153	843
0.2156	22
0.2156	515
0.2156	979
0.2157	176
0.2157	320
0.2157	817
0.2158	257
0.2158	353
0.2158	536
0.2159	505
0.2159	888
0.216	35
0.216	733
0.2161	41
0.2162	339
0.2163	447
0.2165	484
0.2166	877
0.2167	318
0.2168	706
0.2168	990
0.2169	97
0.2169	201
0.2169	695
0.217	98
0.217	665
0.217	801
0.2171	485
0.2172	17
0.2172	109
0.2172	749
0.2172	782
0.2172	922
0.2173	642
0.2173	914
0.2174	567
0.2175	143
0.2175	621
0.2175	872
0.2177	413
0.2178	18
0.2179	752
0.218	110
0.218	949
0.2181	34
0.2181	275
0.2182	650
0.2183	373
0.2184	394
0.2186	48
0.2186	698
0.2187	478
0.2188	847
0.2188	917
0.2189	366
0.219	106
0.219	370
0.2192	24
0.2192	310
0.2192	464
0.2193	96
0.2193	189
0.2193	244
0.2193	940
0.2193	973
0.2194	87
0.2197	198
0.2197	826
0.2198	152
0.2198	361
0.2198	965
0.2199	94
0.2199	293
0.2199	324
0.2201	666
0.2202	213
0.2204	50
0.2204	674
0.2205	645
0.2205	758
0.2206	32
0.2206	845
0.2206	961
0.2207	71
0.2207	289
0.2207	909
0.2208	705
0.2209	481
0.2211	442
0.2211	866
0.2211	903
0.2212	555
0.2212	593
0.2213	25
0.2213	51
0.2213	399
0.2213	467
0.2214	187
0.2215	884
0.2217	776
0.2218	9
0.2218	372
0.2218	384
0.2218	422
0.2218	723
0.2222	84
0.2222	558
0.2222	876
0.2223	793
0.2224	618
0.2226	920
0.2227	199
0.2227	219
0.2227	266
0.2227	551
0.2228	256
0.2228	458
0.2228	635
0.2229	673
0.2229	939
0.223	118
0.2232	73
0.2232	563
0.2233	74
0.2233	126
0.2234	8
0.2234	16
0.2234	287
0.2234	462
0.2234	871
0.2235	206
0.2235	471
0.2236	179
0.2236	335
0.2237	174
0.2237	227
0.2238	607
0.2239	54
0.2239	85
0.2239	608
0.2239	681
0.2239	753
0.2239	881
0.224	44
0.224	262
0.2241	49
0.2242	193
0.2242	401
0.2242	491
0.2242	530
0.2243	0
0.2243	397
0.2243	520
0.2244	848
0.2245	61
0.2245	504
0.2245	736
0.2246	916
0.2247	596
0.2247	951
0.2248	86
0.2248	125
0.2248	763
0.2248	901
0.2249	703
0.225	390
0.225	472
0.225	616
0.2251	217
0.2251	265
0.2251	475
0.2252	329
0.2252	875
0.2253	791
0.2254	874
0.2256	894
0.2258	220
0.2258	780
0.2258	993
0.2259	282
0.2259	929
0.226	33
0.226	807
0.2261	248
0.2262	239
0.2262	345
0.2262	410
0.2263	155
0.2264	27
0.2264	307
0.2266	375
0.2267	700
0.2267	806
0.2267	893
0.2268	95
0.2268	931
0.2269	680
0.227	656
0.227	852
0.2271	20
0.2271	391
0.2272	58
0.2272	354
0.2273	773
0.2274	52
0.2274	497
0.2275	915
0.2277	19
0.2277	319
0.2277	518
0.2277	570
0.2277	742
0.2277	748
0.2277	936
0.2279	279
0.2279	594
0.2279	842
0.228	423
0.228	729
0.2281	743
0.2281	829
0.2282	453
0.2282	660
0.2283	108
0.2283	264
0.2283	769
0.2283	774
0.2283	794
0.2285	242
0.2285	276
0.2285	634
0.2286	522
0.2286	707
0.2287	290
0.2287	419
0.2288	229
0.2288	512
0.2289	40
0.2289	79
0.2289	427
0.2289	590
0.2289	739
0.229	169
0.229	658
0.229	822
0.2291	202
0.2291	860
0.2292	160
0.2292	508
0.2293	292
0.2293	416
0.2294	48
0.2295	21
0.2295	82
0.2295	182
0.2296	77
0.2296	380
0.2296	582
0.2297	235
0.2298	625
0.2298	637
0.2299	46
0.2299	278
0.2299	735
0.2299	967
0.23	482
0.23	899
0.2301	882
0.2302	493
0.2302	664
0.2302	886
0.2303	5
0.2303	78
0.2303	102
0.2304	699
0.2306	803
0.2307	191
0.2307	340
0.2308	28
0.2308	351
0.2308	685
0.2309	37
0.2309	56
0.2309	273
0.2309	381
0.2309	395
0.2309	441
0.231	267
0.231	538
0.231	714
0.231	955
0.2311	328
0.2311	948
0.2311	971
0.2311	997
0.2312	109
0.2312	528
0.2312	787
0.2313	192
0.2313	322
0.2314	233
0.2314	270
0.2315	26
0.2315	81
0.2315	457
0.2316	247
0.2316	731
0.2319	59
0.2319	694
0.232	140
0.232	835
0.232	941
0.2321	253
0.2321	591
0.2322	371
0.2323	4
0.2323	726
0.2324	953
0.2327	284
0.2327	347
0.2327	400
0.2328	536
0.2329	170
0.2329	243
0.2329	897
0.233	104
0.233	473
0.2331	376
0.2333	500
0.2334	83
0.2334	91
0.2334	548
0.2334	923
0.2335	3
0.2335	64
0.2335	456
0.2336	123
0.2337	197
0.2338	98
0.2339	145
0.2339	341
0.2339	792
0.234	18
0.234	135
0.234	779
0.234	817
0.2341	918
0.2342	288
0.2342	887
0.2343	65
0.2343	502
0.2343	562
0.2344	99
0.2344	308
0.2345	255
0.2345	470
0.2345	712
0.2346	487
0.2347	103
0.2347	186
0.2348	176
0.2348	964
0.235	597
0.2351	316
0.2352	552
0.2352	747
0.2352	766
0.2353	727
0.2354	526
0.2354	830
0.2355	96
0.2356	827
0.2361	237
0.2361	547
0.2363	581
0.2364	984
0.2365	30
0.2365	313
0.2366	585
0.2367	365
0.2367	650
0.2367	851
0.2368	368
0.2368	506
0.237	134
0.2371	430
0.2371	784
0.2372	156
0.2372	251
0.2372	435
0.2372	804
0.2375	180
0.2375	338
0.2375	490
0.2375	593
0.2375	672
0.2376	501
0.2376	959
0.2377	2
0.2378	728
0.2379	97
0.2379	740
0.238	478
0.2381	362
0.2381	486
0.2381	488
0.2382	463
0.2382	968
0.2383	24
0.2383	25
0.2383	367
0.2383	438
0.2383	574
0.2384	203
0.2384	877
0.2386	87
0.2386	832
0.2387	148
0.2387	298
0.2388	331
0.2388	572
0.2389	640
0.2389	917
0.239	515
0.239	912
0.2391	32
0.2391	840
0.2392	85
0.2392	385
0.2392	509
0.2392	808
0.2394	60
0.2394	379
0.2394	428
0.2395	560
0.2396	979
0.2397	215
0.2397	309
0.2397	889
0.2398	80
0.2398	677
0.2399	350
0.2399	401
0.24	88
0.24	480
0.24	744
0.2401	446
0.2401	448
0.2401	665
0.2402	89
0.2402	249
0.2402	614
0.2403	556
0.2403	652
0.2404	844
0.2405	491
0.2406	116
0.2407	35
0.2408	9
0.2408	168
0.2408	756
0.2408	824
0.2408	973
0.241	778
0.2411	93
0.2411	475
0.2411	514
0.2411	635
0.2411	796
0.2411	876
0.2412	21
0.2412	50
0.2412	674
0.2412	903
0.2413	885
0.2414	286
0.2414	289
0.2414	370
0.2414	781
0.2414	977
0.2415	126
0.2415	310
0.2415	676
0.2417	138
0.2417	174
0.2418	22
0.2418	667
0.2418	883
0.2419	199
0.2419	477
0.2419	578
0.242	201
0.2421	545
0.2421	619
0.2421	666
0.2421	864
0.2422	54
0.2422	516
0.2423	307
0.2423	504
0.2423	716
0.2423	871
0.2424	571
0.2424	604
0.2425	86
0.2425	369
0.2425	447
0.2426	228
0.2427	213
0.2428	52
0.2428	978
0.2429	318
0.2429	993
0.243	403
0.2431	484
0.2431	579
0.2431	662
0.2431	776
0.2431	822
0.2431	895
0.2432	143
0.2432	425
0.2432	464
0.2432	525
0.2433	626
0.2433	723
0.2434	118
0.2435	49
0.2435	613
0.2436	659
0.2437	33
0.2437	541
0.2437	807
0.2438	110
0.2438	408
0.2438	749
0.2439	48
0.244	709
0.2441	40
0.2441	109
0.2441	705
0.2441	722
0.2442	495
0.2442	730
0.2442	867
0.2443	483
0.2443	540
0.2443	658
0.2443	884
0.2444	320
0.2444	951
0.2445	349
0.2445	707
0.2446	266
0.2447	970
0.2448	94
0.2448	137
0.2448	366
0.2449	404
0.2449	605
0.2449	916
0.245	394
0.2451	965
0.2452	314
0.2452	458
0.2452	932
0.2452	945
0.2453	125
0.2453	372
0.2454	0
0.2454	673
0.2454	850
0.2454	878
0.2455	451
0.2455	724
0.2455	802
0.2455	950
0.2455	985
0.2455	987
0.2456	279
0.2456	947
0.2457	121
0.2457	265
0.2457	558
0.2457	576
0.2457	845
0.2457	946
0.2458	69
0.2458	568
0.2459	236
0.246	602
0.2461	20
0.2462	460
0.2462	565
0.2463	616
0.2464	645
0.2464	759
0.2464	831
0.2465	158
0.2467	91
0.2467	505
0.2467	518
0.2467	765
0.2468	348
0.2468	551
0.2468	630
0.2468	736
0.2468	768
0.2469	710
0.2469	915
0.2472	79
0.2473	47
0.2474	239
0.2474	922
0.2476	497
0.2477	521
0.2477	843
0.2477	856
0.2478	276
0.2478	282
0.2478	590
0.2478	680
0.2479	194
0.2479	522
0.2479	563
0.2479	939
0.248	42
0.248	391
0.248	930
0.2481	445
0.2481	566
0.2482	26
0.2482	377
0.2482	982
0.2483	906
0.2483	955
0.2484	17
0.2484	520
0.2485	262
0.2485	660
0.2485	952
0.2488	292
0.2488	328
0.2489	46
0.2489	81
0.2489	275
0.249	95
0.249	733
0.249	914
0.2491	57
0.2491	77
0.2491	911
0.2492	835
0.2493	373
0.2493	393
0.2493	753
0.2494	185
0.2494	260
0.2495	925
0.2496	28
0.2496	106
0.2496	252
0.2497	19
0.2497	418
0.2497	860
0.2498	160
0.2498	345
0.2498	923
0.25	384
0.2501	75
0.2501	198
0.2502	927
0.2503	387
0.2503	485
0.2503	528
0.2504	473
0.2504	594
0.2504	812
0.2505	313
0.2506	38
0.2506	154
0.2506	406
0.2506	803
0.2507	931
0.2508	720
0.2509	685
0.251	247
0.251	336
0.2512	918
0.2513	461
0.2514	13
0.2514	27
0.2514	169
0.2516	72
0.2516	974
0.2517	145
0.2518	176
0.2518	472
0.2519	227
0.252	3
0.252	253
0.252	894
0.252	929
0.2521	135
0.2521	634
0.2522	419
0.2522	827
0.2522	961
0.2523	695
0.2524	220
0.2524	597
0.2524	842
0.2525	380
0.2526	21
0.2526	364
0.2526	465
0.2526	543
0.2527	787
0.2529	34
0.2529	98
0.2529	502
0.2529	586
0.2529	681
0.2529	815
0.253	18
0.253	37
0.253	108
0.253	449
0.2531	598
0.2532	848
0.2532	986
0.2533	206
0.2533	340
0.2533	374
0.2534	552
0.2535	334
0.2536	591
0.2537	85
0.2537	780
0.2537	833
0.2537	941
0.2538	873
0.2539	56
0.254	322
0.254	789
0.254	875
0.254	920
0.2541	73
0.2542	984
0.2543	61
0.2543	273
0.2543	324
0.2543	395
0.2545	82
0.2545	481
0.2545	642
0.2545	847
0.2546	25
0.2546	255
0.2546	755
0.2546	809
0.2546	817
0.2548	203
0.255	416
0.2553	300
0.2553	839
0.2554	71
0.2555	650
0.2555	712
0.2555	810
0.2556	78
0.2556	221
0.2558	535
0.2559	584
0.2559	664
0.256	30
0.256	347
0.256	536
0.256	582
0.2561	504
0.2562	248
0.2563	159
0.2563	399
0.2564	48
0.2565	4
0.2565	912
0.2566	134
0.2567	457
0.2567	743
0.2567	791
0.2568	44
0.2568	200
0.2569	242
0.257	215
0.2571	113
0.2571	665
0.2573	117
0.2574	410
0.2575	491
0.2575	793
0.2576	507
0.2576	623
0.2576	735
0.2577	40
0.2578	362
0.2579	33
0.2579	773
0.2581	570
0.2582	267
0.2585	84
0.2585	205
0.2587	65
0.2587	104
0.2587	993
0.2589	24
0.2589	109
0.259	52
0.2591	174
0.2591	530
0.2592	806
0.2593	666
0.2593	776
0.2594	235
0.2594	869
0.2594	997
0.2596	5
0.2596	351
0.2596	785
0.2597	101
0.2597	903
0.2598	390
0.2598	538
0.2598	706
0.2599	782
0.26	807
0.26	822
0.26	964
0.2601	119
0.2602	86
0.2602	637
0.2603	265
0.2603	475
0.2604	2
0.2605	784
0.2606	127
0.2606	290
0.2606	610
0.2607	50
0.2607	310
0.2607	478
0.2608	513
0.2609	556
0.261	202
0.2611	165
0.2611	447
0.2611	616
0.2612	482
0.2613	488
0.2613	971
0.2614	239
0.2614	307
0.2614	506
0.2614	658
0.2615	463
0.2615	554
0.2615	808
0.2616	89
0.2616	462
0.2617	887
0.2619	123
0.262	401
0.2622	79
0.2622	217
0.2623	893
0.2624	99
0.2626	924
0.2628	884
0.2629	367
0.263	74
0.263	244
0.263	744
0.2631	9
0.2631	518
0.2632	581
0.2633	829
0.2634	674
0.2635	118
0.2635	871
0.2636	182
0.2636	464
0.2637	438
0.2637	585
0.264	422
0.264	618
0.264	659
0.2641	45
0.2641	684
0.2641	699
0.2641	756
0.2641	874
0.2642	21
0.2643	14
0.2643	201
0.2643	705
0.2644	990
0.2645	314
0.2645	900
0.2646	23
0.2646	677
0.2646	910
0.2647	608
0.2648	458
0.2648	888
0.265	51
0.2651	91
0.2651	824
0.2651	949
0.2652	15
0.2652	936
0.2653	246
0.2653	737
0.2654	35
0.2654	415
0.2655	137
0.2655	548
0.2655	951
0.2655	955
0.2656	381
0.2656	844
0.2657	375
0.2657	400
0.2657	840
0.2658	219
0.2658	369
0.2658	749
0.266	289
0.266	728
0.266	739
0.266	763
0.2662	26
0.2662	96
0.2662	143
0.2662	483
0.2663	148
0.2663	210
0.2664	54
0.2665	722
0.2666	820
0.2667	723
0.2669	731
0.2669	747
0.2671	92
0.2671	667
0.2671	764
0.2671	830
0.2673	59
0.2673	279
0.2673	284
0.2674	0
0.2674	487
0.2674	736
0.2675	32
0.2675	353
0.2676	860
0.2677	106
0.2677	672
0.2678	193
0.2678	233
0.2678	512
0.2679	313
0.2679	421
0.268	366
0.268	917
0.2681	567
0.2681	823
0.2681	918
0.2682	275
0.2682	352
0.2682	678
0.2683	22
0.2683	391
0.2683	673
0.2684	320
0.2685	126
0.2685	176
0.2686	899
0.2687	72
0.2687	85
0.2687	276
0.2688	262
0.2688	282
0.2689	81
0.2689	94
0.2689	152
0.2689	768
0.2689	845
0.269	20
0.269	915
0.2691	243
0.2691	404
0.2691	571
0.2692	558
0.2693	408
0.2694	485
0.2695	430
0.2696	48
0.2696	896
0.2697	111
0.2697	189
0.2697	452
0.2698	882
0.2699	42
0.2699	97
0.2699	173
0.2699	592
0.2699	781
0.2699	929
0.27	979
0.2701	318
0.2701	360
0.2702	551
0.2703	3
0.2703	596
0.2704	37
0.2705	522
0.2705	836
0.2706	213
0.2706	898
0.2707	110
0.2707	491
0.2707	597
0.2708	25
0.2708	229
0.2708	635
0.2709	125
0.271	604
0.271	794
0.271	827
0.271	968
0.2712	18
0.2712	135
0.2713	95
0.2713	354
0.2713	358
0.2713	758
0.2715	109
0.2717	593
0.2718	526
0.2718	591
0.2718	685
0.2718	970
0.2719	709
0.272	52
0.272	435
0.272	718
0.272	923
0.2722	247
0.2722	787
0.2722	801
0.2723	502
0.2723	753
0.2723	835
0.2724	56
0.2724	342
0.2725	160
0.2726	712
0.2727	253
0.2728	287
0.2728	509
0.2728	719
0.2728	742
0.2729	497
0.2729	727
0.273	28
0.273	838
0.2731	349
0.2731	902
0.2731	931
0.2731	947
0.2732	536
0.2733	108
0.2733	403
0.2733	984
0.2734	861
0.2735	180
0.2735	328
0.2735	515
0.2736	500
0.2736	504
0.2736	944
0.2737	98
0.2737	370
0.2737	876
0.2738	6
0.2738	698
0.2738	912
0.2739	418
0.2739	448
0.2739	590
0.274	660
0.2741	965
0.2742	19
0.2742	169
0.2742	851
0.2743	80
0.2743	93
0.2743	215
0.2743	804
0.2745	24
0.2745	30
0.2745	168
0.2746	339
0.2747	33
0.2748	87
0.2748	265
0.2748	467
0.2748	543
0.2751	17
0.2751	46
0.2751	562
0.2751	580
0.2752	993
0.2753	266
0.2753	273
0.2753	708
0.2754	466
0.2754	619
0.2755	197
0.2756	932
0.2758	40
0.2758	441
0.2759	916
0.276	156
0.276	532
0.276	807
0.276	986
0.2761	288
0.2761	852
0.2762	416
0.2762	707
0.2763	116
0.2763	484
0.2763	802
0.2764	86
0.2764	237
0.2764	475
0.2764	520
0.2764	841
0.2765	281
0.2766	170
0.2766	822
0.2766	826
0.2767	199
0.2767	967
0.2768	373
0.2768	490
0.2768	525
0.2768	582
0.2768	669
0.2769	666
0.2769	886
0.277	394
0.277	658
0.277	769
0.2773	376
0.2773	445
0.2773	817
0.2774	142
0.2774	486
0.2774	555
0.2774	892
0.2775	107
0.2775	973
0.2776	307
0.2776	372
0.2776	579
0.2776	870
0.2777	384
0.2777	950
0.2778	203
0.278	453
0.278	665
0.278	751
0.278	866
0.2782	187
0.2784	9
0.2784	361
0.2784	614
0.2785	122
0.2785	401
0.2785	847
0.2786	724
0.2786	776
0.2787	292
0.2787	319
0.2788	539
0.2788	976
0.279	61
0.279	792
0.2792	616
0.2792	987
0.2794	740
0.2795	21
0.2795	278
0.2797	648
0.2798	380
0.2799	478
0.28	194
0.28	239
0.28	347
0.2801	881
0.2802	528
0.2802	927
0.2803	479
0.2804	877
0.2805	50
0.2805	903
0.2806	894
0.2807	5
0.2807	300
0.2807	552
0.2809	65
0.2809	118
0.2809	249
0.281	397
0.281	472
0.281	843
0.2811	560
0.2811	907
0.2812	186
0.2812	331
0.2812	399
0.2812	607
0.2813	8
0.2813	563
0.2813	806
0.2814	702
0.2815	145
0.2816	642
0.2818	79
0.2819	206
0.2819	547
0.282	773
0.2822	451
0.2822	594
0.2824	516
0.2824	780
0.2826	71
0.2826	74
0.2826	140
0.2829	971
0.283	419
0.2831	501
0.2833	964
0.2836	481
0.2836	914
0.2837	363
0.2837	523
0.2837	634
0.2837	901
0.2838	35
0.2838	54
0.2838	235
0.2839	48
0.2839	82
0.2839	711
0.2839	884
0.284	251
0.284	423
0.2841	85
0.2842	119
0.2842	228
0.2842	946
0.2844	796
0.2844	930
0.2845	267
0.2845	867
0.2846	89
0.2846	857
0.2848	447
0.2848	556
0.2848	784
0.2849	320
0.285	659
0.285	872
0.285	890
0.2852	27
0.2854	104
0.2854	220
0.2854	677
0.2856	694
0.2858	473
0.2858	676
0.2859	242
0.2859	316
0.2859	385
0.2859	883
0.286	102
0.286	264
0.2862	73
0.2862	730
0.2862	990
0.2863	391
0.2864	364
0.2865	538
0.2866	95
0.2866	185
0.2867	745
0.2868	18
0.2868	457
0.2868	997
0.287	570
0.287	860
0.2871	52
0.2871	75
0.2871	96
0.2871	334
0.2871	640
0.2871	844
0.2873	491
0.2873	602
0.2873	918
0.2874	60
0.2874	109
0.2874	438
0.2876	446
0.2876	636
0.2877	81
0.2877	174
0.2877	464
0.2878	340
0.2878	808
0.288	20
0.288	345
0.288	650
0.2881	227
0.2881	774
0.2882	2
0.2882	842
0.2882	968
0.2883	322
0.2884	495
0.2884	585
0.2884	775
0.2885	953
0.2886	699
0.2886	959
0.2888	37
0.2888	252
0.2888	917
0.2889	864
0.289	135
0.289	521
0.2891	716
0.2891	925
0.2891	961
0.2892	955
0.2893	310
0.2893	548
0.2893	729
0.2894	591
0.2895	25
0.2895	700
0.2896	248
0.2897	22
0.2897	45
0.2898	681
0.2899	504
0.29	829
0.2902	395
0.2903	375
0.2908	198
0.2909	97
0.291	672
0.2911	219
0.2911	328
0.2911	674
0.2911	807
0.2912	24
0.2912	664
0.2912	705
0.2913	635
0.2913	695
0.2913	791
0.2914	26
0.2914	33
0.2914	86
0.2914	747
0.2916	620
0.2917	709
0.2919	46
0.2919	940
0.292	0
0.292	856
0.292	949
0.292	951
0.2922	508
0.2924	98
0.2924	324
0.2925	722
0.2925	936
0.2926	401
0.2926	522
0.2927	160
0.2928	265
0.2929	201
0.293	410
0.293	584
0.2932	110
0.2933	84
0.2933	247
0.2933	878
0.2934	608
0.2936	845
0.2936	848
0.2937	915
0.2938	276
0.2938	666
0.2938	767
0.2939	290
0.2939	379
0.2939	793
0.294	439
0.294	541
0.294	744
0.294	781
0.294	787
0.2942	256
0.2942	581
0.2943	91
0.2944	83
0.2944	766
0.2945	155
0.2945	752
0.2945	835
0.2945	920
0.2945	993
0.2946	518
0.2947	673
0.2949	9
0.2949	912
0.2951	30
0.2951	79
0.2951	253
0.2951	275
0.2951	895
0.2952	923
0.2955	176
0.2957	137
0.2957	365
0.2957	697
0.2958	28
0.2958	545
0.2959	313
0.2959	470
0.296	536
0.296	680
0.2961	817
0.2962	106
0.2962	179
0.2963	756
0.2964	610
0.2964	658
0.2965	21
0.2965	48
0.2965	505
0.2965	660
0.2965	876
0.2966	351
0.2966	458
0.2966	463
0.2967	193
0.2967	213
0.2967	466
0.2969	409
0.2969	478
0.2969	551
0.297	911
0.2971	350
0.2971	984
0.2972	40
0.2972	712
0.2973	898
0.2974	502
0.2977	78
0.2977	779
0.2978	6
0.2978	203
0.2978	488
0.2978	525
0.2978	965
0.298	593
0.2981	56
0.2983	824
0.2984	123
0.2984	931
0.2985	497
0.2985	742
0.2985	853
0.2986	152
0.2986	422
0.2986	552
0.2986	604
0.2987	571
0.2988	108
0.2988	366
0.2988	753
0.2989	90
0.2989	733
0.299	143
0.2991	165
0.2991	367
0.2992	93
0.2993	307
0.2994	16
0.2994	109
0.2994	239
0.2994	630
0.2995	873
0.2996	42
0.2996	335
0.2996	894
0.2998	279
0.2999	370
0.3	743
0.3	827
0.3002	34
0.3002	85
0.3002	308
0.3002	361
0.3003	57
0.3003	616
0.3005	460
0.3005	475
0.3005	974
0.3006	759
0.3006	763
0.3007	50
0.3007	338
0.3007	776
0.3008	32
0.3008	520
0.3009	51
0.3012	282
0.3012	284
0.3012	903
0.3014	99
0.3014	145
0.3014	318
0.3014	941
0.3015	126
0.3015	262
0.3016	19
0.3016	572
0.3017	49
0.3018	206
0.3018	381
0.302	597
0.3021	229
0.3021	418
0.3022	54
0.3023	558
0.3023	778
0.3023	929
0.3024	645
0.3024	818
0.3025	877
0.3026	394
0.3026	871
0.3026	906
0.3027	81
0.3027	663
0.3028	535
0.3029	403
0.3029	404
0.303	950
0.3031	27
0.3031	851
0.3031	885
0.3033	555
0.3033	659
0.3033	973
0.3035	513
0.3036	169
0.3037	887
0.3038	967
0.3039	177
0.3039	472
0.3039	822
0.304	391
0.3041	416
0.3041	563
0.3042	64
0.3043	18
0.3043	979
0.3044	736
0.3044	830
0.3045	601
0.3046	88
0.3046	117
0.3046	352
0.3046	362
0.3046	833
0.3047	922
0.3048	113
0.3048	217
0.3048	665
0.3049	102
0.3049	453
0.305	4
0.305	158
0.305	735
0.3051	623
0.3052	25
0.3052	530
0.3053	35
0.3055	12
0.3055	594
0.3056	237
0.3057	243
0.3057	267
0.3057	590
0.3058	3
0.3059	591
0.306	971
0.3062	491
0.3063	11
0.3064	299
0.3064	882
0.3064	939
0.3064	970
0.3065	33
0.3065	52
0.3065	474
0.3065	963
0.3066	380
0.3066	427
0.3066	613
0.3069	183
0.3069	448
0.307	180
0.307	199
0.3071	748
0.3072	101
0.3072	349
0.3072	487
0.3072	807
0.3072	849
0.3072	899
0.3074	46
0.3075	300
0.3075	328
0.3076	9
0.3076	486
0.3076	650
0.3076	917
0.3077	92
0.3077	423
0.3077	509
0.3078	749
0.3079	310
0.3079	893
0.308	20
0.308	21
0.308	37
0.308	58
0.308	255
0.3081	8
0.3082	354
0.3082	860
0.3083	464
0.3083	685
0.3085	74
0.3085	75
0.3085	968
0.3086	773
0.3087	565
0.3087	826
0.3089	471
0.3089	500
0.3089	605
0.3089	705
0.3089	918
0.3091	191
0.3093	289
0.3094	875
0.3095	430
0.3095	654
0.3096	44
0.3097	77
0.3099	714
0.31	194
0.31	538
0.31	727
0.3101	79
0.3101	215
0.3102	118
0.3102	202
0.3102	843
0.3103	548
0.3103	674
0.3103	923
0.3104	739
0.3104	808
0.3106	993
0.3108	369
0.3109	26
0.3109	368
0.311	48
0.3111	135
0.3111	210
0.3111	438
0.3112	134
0.3112	447
0.3112	886
0.3112	955
0.3113	82
0.3113	618
0.3113	764
0.3113	909
0.3114	86
0.3114	309
0.3114	401
0.3114	504
0.3115	784
0.3116	182
0.3117	273
0.3118	98
0.3118	804
0.3119	200
0.312	726
0.3121	95
0.3121	176
0.3121	722
0.3122	109
0.3122	534
0.3122	703
0.3122	964
0.3124	65
0.3124	91
0.3124	667
0.3125	522
0.3126	445
0.3127	265
0.3128	174
0.3129	201
0.3129	235
0.313	148
0.3131	71
0.3131	228
0.3131	526
0.3132	413
0.3133	768
0.3134	73
0.3134	419
0.3134	710
0.3135	385
0.3136	61
0.3136	320
0.3137	490
0.3137	787
0.3139	97
0.3139	483
0.3139	884
0.314	560
0.314	619
0.3141	812
0.3143	313
0.3144	866
0.3145	340
0.3145	556
0.3146	376
0.3147	347
0.3147	364
0.3147	640
0.3148	106
0.3148	621
0.3149	233
0.315	2
0.315	13
0.3151	536
0.3152	260
0.3152	945
0.3153	264
0.3153	449
0.3153	592
0.3153	634
0.3153	672
0.3153	915
0.3154	89
0.3155	24
0.3156	160
0.3156	293
0.3156	458
0.3157	187
0.3157	307
0.3158	435
0.3159	0
0.3159	585
0.316	384
0.3161	96
0.3161	344
0.3162	94
0.3162	348
0.3162	451
0.3163	457
0.3163	835
0.3164	125
0.3164	247
0.3164	872
0.3166	251
0.3166	658
0.3166	707
0.3168	515
0.3169	339
0.3169	525
0.317	363
0.3171	614
0.3171	731
0.3172	581
0.3173	660
0.3173	997
0.3174	72
0.3174	478
0.3174	769
0.3175	40
0.3175	518
0.3175	758
0.3176	282
0.3176	393
0.3176	528
0.3177	28
0.3177	373
0.3178	578
0.3178	635
0.3178	780
0.3179	699
0.3179	827
0.318	197
0.318	755
0.3182	747
0.3183	70
0.3183	279
0.3183	502
0.3183	570
0.3183	673
0.3185	616
0.3185	737
0.3185	793
0.3186	333
0.3186	912
0.3187	987
0.3188	666
0.3188	698
0.3188	817
0.3189	465
0.319	54
0.319	345
0.319	512
0.319	625
0.3191	83
0.3191	514
0.3191	593
0.3191	706
0.3192	239
0.3192	395
0.3192	677
0.3193	276
0.3193	499
0.3193	723
0.3193	961
0.3193	990
0.3194	492
0.3194	728
0.3194	874
0.3195	107
0.3196	806
0.3197	540
0.3197	744
0.3197	847
0.3198	484
0.3198	845
0.3199	99
0.3199	253
0.3199	958
0.32	85
0.3201	374
0.3202	59
0.3202	322
0.3202	914
0.3203	22
0.3203	462
0.3203	475
0.3204	473
0.3204	582
0.3205	366
0.3205	645
0.3205	730
0.3206	505
0.3207	840
0.3208	108
0.3209	30
0.3209	236
0.3209	497
0.3209	802
0.321	19
0.3211	292
0.3212	103
0.3212	756
0.3212	856
0.3213	154
0.3213	781
0.3213	870
0.3214	52
0.3214	463
0.3214	857
0.3216	537
0.3216	822
0.3216	903
0.3217	48
0.3217	50
0.3217	213
0.3217	551
0.3217	676
0.3217	844
0.3217	977
0.3219	137
0.3219	143
0.3219	694
0.322	27
0.3221	128
0.3221	391
0.3221	881
0.3223	119
0.3223	877
0.3224	87
0.3224	286
0.3225	60
0.3226	929
0.3227	794
0.3228	203
0.3228	372
0.3228	390
0.3228	501
0.3229	110
0.3229	283
0.3229	481
0.3229	488
0.3229	695
0.323	126
0.3231	34
0.3231	116
0.3231	227
0.3231	407
0.3231	662
0.3231	796
0.3231	807
0.3231	848
0.3231	930
0.3232	287
0.3232	298
0.3232	604
0.3233	216
0.3233	288
0.3234	803
0.3234	871
0.3235	442
0.3235	543
0.3236	33
0.3237	5
0.3237	74
0.3237	361
0.3237	951
0.3238	400
0.3238	709
0.3239	25
0.3239	491
0.3239	574
0.324	3
0.324	324
0.324	370
0.324	591
0.3241	172
0.3241	416
0.3242	56
0.3242	547
0.3243	18
0.3243	79
0.3243	166
0.3243	244
0.3243	425
0.3243	931
0.3244	314
0.3244	397
0.3244	428
0.3244	622
0.3245	973
0.3245	986
0.3246	403
0.3246	576
0.3247	16
0.3247	583
0.3248	399
0.3249	259
0.325	42
0.325	169
0.325	907
0.3251	650
0.3251	733
0.3251	750
0.3252	341
0.3252	892
0.3253	21
0.3253	597
0.3253	916
0.3254	482
0.3254	607
0.3254	608
0.3254	932
0.3255	142
0.3255	270
0.3255	353
0.3255	680
0.3255	922
0.3257	81
0.3257	774
0.3257	776
0.3257	876
0.3258	665
0.3259	186
0.3259	861
0.326	45
0.326	441
0.3261	255
0.3261	824
0.3262	170
0.3262	406
0.3263	241
0.3263	316
0.3263	965
0.3265	206
0.3265	778
0.3265	946
0.3266	367
0.3267	51
0.3267	852
0.3267	949
0.3268	123
0.3268	644
0.3268	674
0.3268	901
0.3269	20
0.3269	860
0.3269	918
0.327	937
0.3272	185
0.3272	782
0.3272	920
0.3273	104
0.3273	220
0.3273	319
0.3273	630
0.3273	773
0.3274	779
0.3274	888
0.3275	91
0.3275	590
0.3276	35
0.3276	485
0.3276	659
0.3276	878
0.3277	318
0.3277	452
0.3277	939
0.3278	520
0.3278	563
0.3278	839
0.3279	26
0.3279	262
0.328	275
0.3281	334
0.3281	504
0.3281	736
0.3282	552
0.3283	135
0.3283	486
0.3284	248
0.3284	815
0.3285	530
0.3285	911
0.3286	508
0.3287	109
0.3287	313
0.3287	895
0.3289	521
0.329	86
0.329	993
0.3291	80
0.3291	408
0.3291	753
0.3292	558
0.3292	752
0.3293	712
0.3294	249
0.3294	456
0.3294	579
0.3295	320
0.3295	360
0.3295	516
0.3296	380
0.3296	801
0.3297	76
0.3297	387
0.3298	562
0.3299	93
0.33	310
0.33	669
0.33	823
0.3301	328
0.3301	791
0.3302	894
0.3302	899
0.3302	923
0.3304	221
0.3304	830
0.3304	941
0.3304	970
0.3305	538
0.3306	307
0.3306	349
0.3306	394
0.3306	763
0.3307	176
0.3308	571
0.3308	746
0.3308	851
0.3309	138
0.3309	192
0.3309	199
0.3309	555
0.3309	685
0.3309	971
0.3309	982
0.3311	32
0.3311	708
0.3311	829
0.3312	57
0.3312	140
0.3312	863
0.3313	404
0.3313	605
0.3315	118
0.3315	265
0.3317	174
0.3317	584
0.3317	637
0.3317	915
0.3318	642
0.3318	749
0.3319	219
0.332	448
0.332	893
0.3321	198
0.3322	278
0.3323	152
0.3323	672
0.3323	705
0.3324	28
0.3324	98
0.3326	145
0.3326	375
0.3326	979
0.3327	351
0.3327	944
0.3328	193
0.3328	266
0.333	355
0.333	464
0.3331	46
0.3331	598
0.3332	548
0.3332	789
0.3334	96
0.3335	106
0.3335	159
0.3335	338
0.3335	658
0.3336	40
0.3336	358
0.3336	478
0.3336	838
0.3336	947
0.3337	65
0.3337	518
0.3337	917
0.3337	950
0.3338	168
0.3338	959
0.3338	964
0.3339	48
0.3339	52
0.3339	887
0.334	242
0.3341	9
0.3341	223
0.3341	743
0.3342	6
0.3342	83
0.3343	82
0.3343	666
0.3345	300
0.3346	487
0.3346	500
0.3346	556
0.3346	681
0.3347	84
0.3347	267
0.3347	787
0.3348	71
0.3348	160
0.3348	716
0.3349	95
0.335	78
0.335	453
0.335	765
0.3351	24
0.3351	808
0.3352	401
0.3353	438
0.3353	742
0.3353	827
0.3354	97
0.3354	354
0.3354	457
0.3354	473
0.3354	660
0.3354	817
0.3355	207
0.3355	955
0.3356	784
0.3357	430
0.3358	197
0.3359	181
0.3359	381
0.336	362
0.336	910
0.3361	522
0.3361	768
0.3362	2
0.3362	247
0.3363	536
0.3363	581
0.3364	54
0.3364	472
0.3364	831
0.3364	929
0.3365	21
0.3365	213
0.3365	984
0.3366	826
0.3367	85
0.3367	445
0.3367	502
0.3367	677
0.3369	61
0.337	284
0.337	835
0.3373	832
0.3374	447
0.3374	748
0.3374	912
0.3375	635
0.3376	17
0.3376	276
0.3376	822
0.3377	810
0.3378	201
0.3378	402
0.3378	512
0.3379	864
0.338	391
0.3382	33
0.3382	202
0.3382	491
0.3382	634
0.3383	246
0.3383	415
0.3383	495
0.3383	616
0.3383	807
0.3384	689
0.3386	664
0.339	331
0.339	376
0.3391	410
0.3391	744
0.3392	215
0.3392	253
0.3393	418
0.3393	990
0.3394	567
0.3395	99
0.3395	113
0.3395	422
0.3396	156
0.3396	884
0.3397	109
0.3397	143
0.3398	108
0.3398	684
0.3398	735
0.3399	239
0.3399	471
0.3399	594
0.34	4
0.34	509
0.3401	15
0.3401	384
0.3405	484
0.3405	699
0.3406	25
0.3406	81
0.3406	458
0.3406	781
0.3407	148
0.3408	18
0.3408	327
0.3409	582
0.3409	673
0.341	843
0.3411	602
0.3413	50
0.3413	94
0.3413	235
0.3414	591
0.3416	89
0.3416	640
0.3417	30
0.3417	347
0.3418	951
0.3421	560
0.3421	916
0.3422	141
0.3422	395
0.3422	475
0.3424	345
0.3424	903
0.3426	993
0.3428	0
0.3428	416
0.3429	165
0.3429	636
0.343	289
0.3431	79
0.3431	364
0.3432	222
0.3432	730
0.3433	812
0.3436	20
0.3438	792
0.3439	504
0.3439	526
0.344	845
0.3441	86
0.3441	372
0.3441	729
0.3442	918
0.3443	793
0.3443	860
0.3443	921
0.3444	135
0.3445	463
0.3445	619
0.3446	618
0.3446	931
0.3446	936
0.3447	739
0.3449	187
0.3449	968
0.345	26
0.345	423
0.345	551
0.345	712
0.3451	339
0.3451	565
0.3452	73
0.3452	528
0.3452	545
0.3452	585
0.3452	659
0.3453	493
0.3453	776
0.3454	56
0.3454	525
0.3455	19
0.3455	147
0.3455	189
0.3456	203
0.3456	740
0.3457	642
0.3457	842
0.3458	307
0.3459	764
0.3459	997
0.346	871
0.346	876
0.3461	137
0.3461	171
0.3461	366
0.3461	736
0.3461	923
0.3462	497
0.3464	199
0.3464	282
0.3464	460
0.3464	467
0.3465	314
0.3466	126
0.3466	580
0.3467	293
0.3467	543
0.3467	666
0.3467	709
0.3468	38
0.3468	174
0.3469	111
0.3469	116
0.3469	710
0.347	251
0.347	370
0.347	399
0.3472	847
0.3473	451
0.3473	478
0.3473	967
0.3474	872
0.3475	34
0.3476	552
0.3476	728
0.3476	925
0.3477	48
0.3477	182
0.3477	350
0.3477	439
0.3477	780
0.3478	169
0.3479	570
0.3479	900
0.348	279
0.348	385
0.3482	711
0.3483	28
0.3484	850
0.3486	844
0.3487	21
0.3487	91
0.3487	196
0.3487	613
0.3488	229
0.3488	520
0.3488	722
0.3491	40
0.3491	563
0.3491	917
0.3492	449
0.3493	22
0.3494	725
0.3495	125
0.3495	265
0.3496	340
0.3496	411
0.3497	134
0.3498	194
0.3498	483
0.3498	882
0.3499	538
0.3499	867
0.35	328
0.35	705
0.3501	118
0.3501	380
0.3501	658
0.3501	727
0.3501	778
0.3502	313
0.3502	672
0.3503	373
0.3503	481
0.3503	568
0.3504	9
0.3504	322
0.3505	8
0.3505	886
0.3506	85
0.3506	92
0.3506	490
0.3507	5
0.3507	547
0.3507	756
0.3508	106
0.3508	421
0.3508	665
0.3509	804
0.3509	817
0.351	731
0.351	869
0.3511	674
0.3512	303
0.3512	927
0.3512	961
0.3513	24
0.3513	98
0.3513	220
0.3513	337
0.3513	650
0.3513	763
0.3514	419
0.3516	33
0.3516	239
0.3516	614
0.3516	753
0.3516	877
0.3517	87
0.3517	255
0.3517	466
0.3517	806
0.3518	27
0.3518	590
0.3518	906
0.352	52
0.3522	597
0.3523	123
0.3523	491
0.3523	807
0.3524	645
0.3525	42
0.3525	64
0.3525	110
0.3525	479
0.3525	707
0.3526	685
0.3526	898
0.3527	233
0.3529	14
0.3529	758
0.353	95
0.3531	54
0.3531	104
0.3532	51
0.3532	119
0.3533	3
0.3534	367
0.3535	247
0.3535	607
0.3537	81
0.3537	249
0.3537	747
0.3537	978
0.3539	44
0.3539	320
0.354	160
0.354	170
0.354	976
0.3541	46
0.3541	109
0.3541	773
0.3541	986
0.3542	911
0.3543	535
0.3544	252
0.3544	275
0.3545	262
0.3545	530
0.3545	604
0.3545	912
0.3545	965
0.3546	536
0.3546	945
0.3546	974
0.3547	818
0.3547	835
0.3548	941
0.3549	369
0.3549	620
0.355	374
0.3551	824
0.3551	884
0.3551	894
0.3552	435
0.3552	473
0.3552	569
0.3553	288
0.3554	218
0.3554	441
0.3554	897
0.3555	83
0.3555	464
0.3555	802
0.3556	17
0.3556	72
0.3556	266
0.3556	310
0.3556	318
0.3556	856
0.3556	915
0.3556	987
0.3557	219
0.3557	290
0.3557	787
0.3557	949
0.3558	515
0.3558	794
0.3559	808
0.3561	93
0.3561	513
0.3561	697
0.3562	32
0.3562	37
0.3562	874
0.3563	452
0.3563	635
0.3564	391
0.3564	522
0.3565	213
0.3565	769
0.3565	883
0.3567	300
0.3567	706
0.3567	952
0.3568	596
0.357	25
0.357	556
0.357	676
0.357	720
0.3571	117
0.3571	984
0.3573	964
0.3574	482
0.3574	878
0.3575	663
0.3575	714
0.3577	18
0.3577	418
0.3577	749
0.3577	827
0.3579	179
0.3579	180
0.3579	352
0.358	176
0.358	899
0.3582	79
0.3582	308
0.3582	394
0.3582	480
0.3583	347
0.3583	774
0.3583	781
0.3584	50
0.3584	71
0.3584	541
0.3584	591
0.3585	324
0.3585	404
0.3586	138
0.3586	616
0.3586	648
0.3587	82
0.3588	228
0.3588	970
0.3588	993
0.359	581
0.3591	74
0.3591	237
0.3591	475
0.3591	809
0.3591	822
0.3592	96
0.3592	403
0.3593	97
0.3593	447
0.3594	988
0.3595	270
0.3596	21
0.3596	145
0.3596	462
0.3596	488
0.3596	929
0.3597	86
0.3597	319
0.3597	472
0.3597	534
0.3597	829
0.3598	200
0.3598	446
0.3598	485
0.3599	557
0.36	48
0.36	215
0.3602	2
0.3602	101
0.3602	407
0.3602	673
0.3602	723
0.3603	253
0.3603	572
0.3603	660
0.3603	895
0.3604	401
0.3604	409
0.3606	65
0.3606	227
0.3607	680
0.3607	955
0.3607	971
0.3608	292
0.3608	903
0.361	457
0.3611	217
0.3611	694
0.3612	90
0.3612	99
0.3612	267
0.3612	662
0.3613	168
0.3613	248
0.3614	504
0.3614	594
0.3617	16
0.3617	278
0.3617	349
0.3617	939
0.3618	30
0.3619	26
0.3619	430
0.3619	914
0.3619	920
0.362	35
0.362	307
0.362	502
0.362	873
0.3621	75
0.3621	243
0.3621	393
0.3621	784
0.3622	273
0.3622	399
0.3622	448
0.3622	768
0.3623	666
0.3624	143
0.3624	514
0.3624	558
0.3624	789
0.3624	918
0.3624	946
0.3626	851
0.3627	78
0.3627	677
0.3627	776
0.3629	19
0.3629	875
0.363	235
0.363	507
0.3631	264
0.3632	203
0.3632	610
0.3632	871
0.3633	202
0.3633	362
0.3633	486
0.3633	953
0.3634	256
0.3634	505
0.3635	922
0.3636	744
0.3637	206
0.3637	518
0.3637	548
0.3637	766
0.3639	289
0.3639	733
0.364	695
0.3641	116
0.3641	860
0.3642	276
0.3643	89
0.3643	743
0.3644	0
0.3645	608
0.3646	803
0.3646	968
0.3647	47
0.3647	73
0.3647	150
0.3648	659
0.3648	887
0.365	521
0.365	785
0.3651	20
0.3651	56
0.3651	416
0.3651	458
0.3652	52
0.3655	45
0.3655	98
0.3656	135
0.3656	820
0.3657	901
0.3657	951
0.3658	40
0.3658	80
0.3659	512
0.3659	881
0.366	59
0.366	356
0.3661	91
0.3661	408
0.3661	845
0.3664	85
0.3664	152
0.3664	284
0.3664	316
0.3664	427
0.3664	979
0.3665	400
0.3665	571
0.3665	658
0.3666	593
0.3668	198
0.367	375
0.3671	94
0.3671	579
0.3671	700
0.3671	791
0.3673	265
0.3674	9
0.3674	107
0.3674	487
0.3674	885
0.3675	709
0.3676	950
0.368	10
0.368	372
0.3682	125
0.3683	551
0.3684	49
0.3684	491
0.3684	807
0.3685	137
0.3685	201
0.3686	586
0.3688	236
0.3688	698
0.3689	118
0.3689	413
0.3689	712
0.369	193
0.369	848
0.3691	772
0.3692	61
0.3693	77
0.3694	351
0.3694	650
0.3694	973
0.3695	24
0.3695	33
0.3695	108
0.3695	852
0.3695	864
0.3696	438
0.3696	806
0.3696	893
0.3697	279
0.3697	381
0.3697	478
0.3697	634
0.3698	239
0.3699	109
0.3699	667
0.3701	497
0.3703	702
0.3703	997
0.3704	21
0.3704	500
0.3704	907
0.3705	282
0.3705	445
0.3705	817
0.3707	106
0.3708	313
0.3709	545
0.3709	597
0.371	72
0.3711	95
0.3711	490
0.3712	54
0.3712	210
0.3712	320
0.3713	384
0.3713	665
0.3714	674
0.3714	835
0.3715	169
0.3715	705
0.3715	736
0.3716	525
0.3717	51
0.3718	22
0.3718	287
0.3719	18
0.3719	582
0.372	630
0.372	637
0.3721	787
0.3722	84
0.3722	345
0.3722	876
0.3723	509
0.3723	654
0.3724	376
0.3724	423
0.3724	993
0.3725	844
0.3726	176
0.3726	915
0.3727	590
0.3727	823
0.3728	927
0.3729	174
0.3729	390
0.3729	584
0.373	247
0.3731	520
0.3732	635
0.3732	866
0.3733	121
0.3733	255
0.3733	310
0.3733	366
0.3735	645
0.3736	370
0.3737	186
0.3737	902
0.3738	463
0.3739	353
0.374	28
0.3741	166
0.3741	747
0.3741	826
0.3741	889
0.3742	81
0.3742	348
0.3743	25
0.3744	984
0.3745	367
0.3746	338
0.3747	499
0.3747	591
0.3751	528
0.3751	843
0.3753	422
0.3753	625
0.3754	48
0.3754	340
0.3754	506
0.3755	60
0.3755	931
0.3756	672
0.3757	37
0.3757	65
0.3757	251
0.3757	391
0.3757	917
0.3758	827
0.3759	464
0.3759	484
0.376	42
0.376	753
0.3761	86
0.3761	822
0.3761	916
0.3762	543
0.3762	578
0.3762	847
0.3762	965
0.3764	3
0.3764	160
0.3764	380
0.3766	262
0.3766	401
0.3766	536
0.3767	461
0.3767	552
0.3767	555
0.3768	923
0.3769	473
0.3769	756
0.3769	815
0.377	365
0.377	403
0.3771	354
0.3771	451
0.3771	475
0.3771	722
0.3772	26
0.3772	334
0.3772	570
0.3773	810
0.3774	79
0.3774	708
0.3774	764
0.3775	140
0.3776	244
0.3776	616
0.3776	825
0.3777	929
0.3778	912
0.3779	215
0.3779	563
0.378	74
0.378	314
0.3781	504
0.3781	930
0.3782	27
0.3782	508
0.3783	104
0.3783	502
0.3783	840
0.3784	556
0.3784	812
0.3784	955
0.3785	350
0.3785	522
0.3786	322
0.3786	619
0.3787	707
0.3788	35
0.3788	961
0.3791	538
0.3792	173
0.3792	560
0.3792	780
0.3792	842
0.3793	199
0.3794	328
0.3794	968
0.3795	97
0.3795	666
0.3796	50
0.3797	735
0.3799	32
0.3799	830
0.38	52
0.38	191
0.3801	96
0.3801	309
0.3801	947
0.3802	857
0.3803	856
0.3804	453
0.3804	755
0.3806	292
0.3806	918
0.3807	361
0.3807	773
0.3808	246
0.3809	253
0.381	395
0.3811	57
0.3811	860
0.3812	535
0.3812	685
0.3812	808
0.3813	404
0.3813	539
0.3814	275
0.3814	347
0.3814	724
0.3815	307
0.3815	567
0.3816	12
0.3816	109
0.3816	467
0.3816	730
0.3816	903
0.3818	85
0.3819	824
0.3819	884
0.382	4
0.382	134
0.382	289
0.382	941
0.3822	221
0.3823	596
0.3824	447
0.3824	593
0.3824	796
0.3824	932
0.3825	474
0.3827	281
0.3828	40
0.3828	548
0.3828	742
0.3829	123
0.3829	265
0.3829	558
0.383	660
0.3831	91
0.3831	135
0.3831	145
0.3831	894
0.3832	21
0.3832	485
0.3833	618
0.3834	369
0.3834	774
0.3835	793
0.3836	110
0.3836	776
0.3837	2
0.3837	126
0.3837	213
0.3838	642
0.3839	410
0.3839	658
0.3839	836
0.384	30
0.384	712
0.3842	807
0.3843	89
0.3843	203
0.3843	491
0.3843	516
0.3845	419
0.3845	428
0.3846	276
0.3846	331
0.3846	986
0.3847	971
0.3848	194
0.3849	93
0.3849	185
0.3849	699
0.385	0
0.385	201
0.3851	5
0.3851	318
0.3851	967
0.3851	995
0.3852	673
0.3853	87
0.3853	220
0.3853	368
0.3853	681
0.3853	936
0.3854	13
0.3854	228
0.3857	478
0.3858	739
0.3858	964
0.3859	33
0.3859	460
0.3859	990
0.386	46
0.3861	363
0.3861	845
0.3863	585
0.3864	56
0.3864	435
0.3865	804
0.3866	959
0.3871	749
0.3872	784
0.3873	416
0.3874	406
0.3874	650
0.3874	723
0.3874	752
0.3876	659
0.3877	9
0.388	8
0.3881	373
0.3881	562
0.3881	792
0.3882	20
0.3883	362
0.3884	748
0.3886	851
0.3887	375
0.3888	98
0.3888	471
0.3889	153
0.3889	372
0.389	716
0.3891	88
0.3891	113
0.3891	597
0.3892	878
0.3893	82
0.3894	48
0.3894	781
0.3895	81
0.3895	206
0.3895	227
0.3895	726
0.3896	591
0.3897	176
0.3897	951
0.3898	243
0.3898	466
0.3899	25
0.39	75
0.39	397
0.39	802
0.3901	452
0.3901	759
0.3903	197
0.3905	448
0.3905	635
0.3905	719
0.3905	914
0.3906	518
0.3906	623
0.3907	239
0.3907	877
0.3908	924
0.3909	977
0.3911	483
0.3911	861
0.3912	381
0.3912	667
0.3912	853
0.3913	869
0.3914	18
0.3914	235
0.3914	543
0.3914	970
0.3916	255
0.3916	279
0.3917	19
0.3917	530
0.3917	872
0.3918	24
0.3918	456
0.3918	458
0.3918	898
0.3919	118
0.3919	310
0.392	79
0.3921	44
0.3922	71
0.3922	187
0.3922	249
0.3922	267
0.3922	332
0.3923	590
0.3923	984
0.3924	6
0.3924	260
0.3925	290
0.3925	817
0.3925	822
0.3926	282
0.3926	472
0.3926	758
0.3926	848
0.3927	677
0.3928	401
0.3928	882
0.3929	233
0.3929	705
0.3929	949
0.393	931
0.3931	399
0.3932	148
0.3932	168
0.3932	418
0.3932	915
0.3934	923
0.3935	425
0.3935	470
0.3936	300
0.3937	3
0.3938	352
0.3939	73
0.3939	581
0.3939	731
0.394	247
0.3942	86
0.3942	273
0.3942	684
0.3943	55
0.3943	867
0.3944	551
0.3944	920
0.3945	438
0.3945	884
0.3946	127
0.3947	782
0.3948	152
0.3949	108
0.3949	616
0.395	180
0.395	744
0.3951	288
0.3951	674
0.3951	968
0.3952	106
0.3952	791
0.3953	137
0.3953	504
0.3953	634
0.3955	496
0.3956	987
0.3957	72
0.3957	316
0.3957	664
0.3959	78
0.3959	963
0.396	286
0.396	787
0.396	827
0.3961	28
0.3961	205
0.3961	528
0.3961	672
0.3962	61
0.3962	83
0.3962	940
0.3963	34
0.3963	109
0.3963	391
0.3964	160
0.3964	497
0.3964	875
0.3965	143
0.3965	604
0.3965	614
0.3965	736
0.3966	45
0.3967	237
0.3967	488
0.3967	743
0.3967	769
0.3968	801
0.3968	806
0.397	763
0.397	768
0.3973	117
0.3973	864
0.3973	978
0.3974	169
0.3974	871
0.3974	925
0.3975	54
0.3976	119
0.3976	556
0.3976	666
0.3976	778
0.3977	445
0.3977	594
0.3977	607
0.3978	99
0.3978	324
0.3979	35
0.3979	328
0.3979	922
0.398	313
0.398	979
0.3982	329
0.3982	464
0.3982	835
0.3982	876
0.3983	80
0.3983	367
0.3983	592
0.3984	384
0.3985	430
0.3985	665
0.3985	873
0.3986	912
0.3987	807
0.3988	42
0.3989	64
0.3989	911
0.3989	917
0.3989	997
0.399	85
0.399	200
0.3991	892
0.3992	722
0.3992	909
0.3993	407
0.3993	571
0.3994	676
0.3994	918
0.3995	95
0.3995	339
0.3996	307
0.3996	487
0.3996	973
0.3997	538
0.3997	760
0.3998	349
0.4	174
0.4001	897
0.4002	481
0.4003	52
0.4003	439
0.4003	695
0.4004	40
0.4004	680
0.4004	906
0.4005	903
0.4008	27
0.4008	76
0.4008	101
0.4008	421
0.4008	502
0.4008	547
0.4008	602
0.4008	772
0.4009	253
0.4009	265
0.4009	514
0.4009	520
0.4009	522
0.4009	993
0.401	491
0.4012	170
0.4013	457
0.4014	217
0.4014	773
0.4015	48
0.4015	479
0.4016	199
0.4016	565
0.4018	26
0.4018	947
0.4019	486
0.4019	505
0.4019	706
0.402	21
0.402	33
0.402	380
0.4021	916
0.4022	43
0.4022	881
0.4023	104
0.4023	278
0.4023	899
0.4024	548
0.4024	860
0.4026	266
0.4028	50
0.4028	495
0.4029	4
0.4029	366
0.403	46
0.403	449
0.403	729
0.403	961
0.4031	733
0.4032	319
0.4032	515
0.4032	948
0.4033	727
0.4034	38
0.4034	262
0.4034	965
0.4035	374
0.4035	484
0.4035	621
0.4035	660
0.4036	17
0.4036	808
0.4036	829
0.4037	248
0.4037	258
0.4037	275
0.4037	442
0.4038	198
0.4038	340
0.4038	536
0.4039	525
0.4039	658
0.4039	753
0.4039	874
0.4039	939
0.4041	96
0.4041	229
0.4041	507
0.4041	950
0.4042	110
0.4042	929
0.4044	478
0.4046	844
0.4047	14
0.4047	116
0.4047	422
0.4048	276
0.4048	463
0.4048	582
0.4049	81
0.4049	394
0.4049	563
0.4049	570
0.4051	896
0.4052	79
0.4052	364
0.4052	894
0.4053	202
0.4053	572
0.4054	320
0.4054	776
0.4054	826
0.4055	395
0.4055	475
0.4055	669
0.4057	605
0.4057	650
0.4058	509
0.4058	747
0.406	251
0.406	473
0.4063	65
0.4063	322
0.4064	49
0.4064	895
0.4065	97
0.4065	193
0.4065	756
0.4067	955
0.4068	591
0.4069	610
0.4069	856
0.407	990
0.4071	20
0.4072	22
0.4072	98
0.4072	709
0.4073	30
0.4073	410
0.4075	9
0.4075	284
0.4075	887
0.4076	299
0.4079	608
0.408	24
0.408	94
0.408	685
0.4081	176
0.4081	645
0.4081	890
0.4082	593
0.4083	37
0.4084	964
0.4085	751
0.4086	416
0.4087	944
0.4088	830
0.4088	870
0.4089	154
0.409	194
0.4091	25
0.4091	228
0.4091	279
0.4091	923
0.4093	182
0.4093	635
0.4095	145
0.4095	518
0.4095	585
0.4095	822
0.4097	109
0.4097	447
0.4099	18
0.4099	866
0.41	236
0.41	552
0.41	915
0.4101	74
0.4101	242
0.4101	971
0.4102	986
0.4103	32
0.4103	56
0.4104	135
0.4104	186
0.4104	210
0.4106	2
0.4106	270
0.4106	354
0.4107	111
0.4107	817
0.4108	264
0.4108	492
0.411	843
0.4111	121
0.4112	118
0.4112	401
0.4112	845
0.4114	19
0.4114	558
0.4114	673
0.4115	930
0.4116	77
0.4117	423
0.4117	659
0.4118	86
0.4118	203
0.4118	784
0.412	239
0.4121	84
0.4121	89
0.4122	351
0.4124	832
0.4125	372
0.4125	504
0.4125	914
0.4126	126
0.4126	196
0.4126	347
0.4128	87
0.4128	314
0.413	616
0.4132	345
0.4132	833
0.4133	500
0.4134	132
0.4136	393
0.4136	885
0.4136	941
0.4137	418
0.4137	847
0.4138	60
0.4139	123
0.4139	403
0.4139	781
0.414	215
0.414	581
0.414	740
0.4142	21
0.4142	54
0.4143	391
0.4143	555
0.4144	334
0.4145	259
0.4145	884
0.4145	886
0.4147	192
0.4147	206
0.4147	735
0.4149	0
0.4149	201
0.4149	451
0.4149	674
0.415	267
0.4151	307
0.4151	560
0.4151	736
0.4151	951
0.4153	579
0.4153	730
0.4154	640
0.4155	728
0.4156	52
0.4156	672
0.4157	458
0.4159	142
0.4161	158
0.4162	71
0.4162	318
0.4162	807
0.4164	91
0.4164	160
0.4164	521
0.4164	836
0.4165	247
0.4165	400
0.4167	779
0.417	385
0.417	705
0.417	803
0.4171	108
0.4171	871
0.4172	338
0.4172	490
0.4172	712
0.4173	102
0.4173	289
0.4173	491
0.4174	48
0.4175	872
0.4175	877
0.4176	137
0.4176	397
0.4177	530
0.4177	827
0.4179	28
0.4181	381
0.4182	33
0.4182	464
0.4182	918
0.4183	310
0.4183	438
0.4183	482
0.4183	597
0.4184	143
0.4184	787
0.4185	3
0.4185	369
0.4185	512
0.4186	852
0.4187	122
0.4187	993
0.4189	82
0.4189	313
0.419	824
0.419	931
0.4191	117
0.4192	678
0.4192	912
0.4193	85
0.4193	642
0.4193	840
0.4194	169
0.4194	793
0.4197	93
0.4199	290
0.4199	551
0.42	298
0.4203	8
0.4203	370
0.4203	537
0.4205	404
0.4206	83
0.4206	699
0.4208	191
0.4208	658
0.4208	796
0.4208	888
0.4209	273
0.421	472
0.4211	5
0.4211	580
0.4212	340
0.4212	379
0.4212	590
0.4213	502
0.4213	536
0.4213	620
0.4213	835
0.4213	860
0.4214	235
0.4214	249
0.4215	328
0.4215	446
0.4215	618
0.4215	660
0.4215	806
0.4216	59
0.4217	584
0.4217	766
0.4218	341
0.4218	917
0.4219	282
0.422	665
0.4221	419
0.4221	526
0.4222	106
0.4222	435
0.4222	723
0.4223	478
0.4224	26
0.4224	34
0.4224	88
0.4225	353
0.4225	562
0.4225	973
0.4226	81
0.4227	96
0.4227	463
0.4227	488
0.4227	619
0.4228	848
0.4228	903
0.4229	320
0.423	79
0.423	213
0.423	744
0.4231	253
0.4231	375
0.4233	50
0.4233	677
0.4234	815
0.4235	465
0.4236	363
0.4237	380
0.4237	467
0.4239	265
0.4239	548
0.4241	780
0.4244	109
0.4245	20
0.4245	25
0.4246	119
0.4248	9
0.4248	35
0.425	98
0.4252	46
0.4252	387
0.4254	538
0.4256	662
0.4257	453
0.4258	694
0.4259	362
0.4259	984
0.426	563
0.426	936
0.4263	460
0.4263	968
0.4264	61
0.4264	955
0.4266	47
0.4266	51
0.4267	97
0.4267	368
0.4268	448
0.4269	593
0.427	104
0.427	220
0.4271	475
0.4271	522
0.4272	40
0.4273	349
0.4273	776
0.4274	6
0.4274	742
0.4274	970
0.4275	497
0.4275	920
0.4276	57
0.4276	174
0.4276	910
0.4277	75
0.4277	394
0.4277	997
0.4278	165
0.4278	197
0.4278	262
0.4279	27
0.4279	134
0.4279	185
0.4279	239
0.4279	515
0.4279	630
0.4279	763
0.428	525
0.428	571
0.428	768
0.4281	176
0.4281	520
0.4282	15
0.4283	42
0.4283	45
0.4283	518
0.4284	974
0.4286	18
0.4286	415
0.4286	428
0.4286	445
0.4286	681
0.4288	110
0.4288	141
0.4288	666
0.4289	731
0.429	708
0.4291	288
0.4292	929
0.4293	366
0.4293	484
0.4294	86
0.4294	634
0.4295	148
0.4295	923
0.4296	99
0.4297	156
0.4297	300
0.4298	22
0.4298	65
0.4298	401
0.4298	614
0.4298	656
0.4298	808
0.4298	922
0.4299	135
0.4299	189
0.4299	722
0.43	48
0.43	770
0.4301	199
0.4302	384
0.4302	441
0.4303	292
0.4303	339
0.4305	541
0.4305	949
0.4307	506
0.4307	616
0.4307	916
0.4308	700
0.4308	901
0.4309	24
0.4309	187
0.4309	817
0.431	911
0.4311	802
0.4312	16
0.4312	582
0.4312	791
0.4312	876
0.4313	140
0.4314	217
0.4314	322
0.4314	395
0.4315	939
0.4316	74
0.4316	324
0.4316	759
0.4316	773
0.4316	915
0.4317	52
0.4317	408
0.4318	30
0.4318	331
0.4318	535
0.4318	591
0.4318	959
0.4319	838
0.432	266
0.432	804
0.4321	95
0.4321	307
0.4321	406
0.4322	92
0.4323	21
0.4323	275
0.4324	145
0.4324	894
0.4325	457
0.4326	308
0.4326	650
0.4327	49
0.4327	576
0.4327	979
0.4329	749
0.4329	778
0.4329	844
0.4329	965
0.433	103
0.433	413
0.4331	54
0.4331	545
0.4331	594
0.4331	745
0.4332	967
0.4333	126
0.4333	184
0.4333	552
0.4333	893
0.4334	605
0.4336	28
0.4336	556
0.4336	964
0.4337	89
0.4337	523
0.4337	756
0.4338	276
0.4338	867
0.4339	319
0.4339	376
0.4339	794
0.4339	878
0.434	33
0.434	180
0.434	818
0.4341	183
0.4341	642
0.4341	695
0.4342	17
0.4343	487
0.4343	659
0.4343	673
0.4343	748
0.4344	138
0.4344	147
0.4344	172
0.4344	237
0.4344	361
0.4345	504
0.4345	857
0.4347	367
0.4347	513
0.4348	19
0.4348	80
0.4348	604
0.4348	753
0.4348	940
0.4349	391
0.4349	823
0.4349	907
0.4349	961
0.4352	94
0.4352	364
0.4352	648
0.4352	807
0.4352	942
0.4353	0
0.4353	491
0.4353	924
0.4354	248
0.4354	416
0.4354	423
0.4355	430
0.4355	781
0.4357	303
0.4357	337
0.4357	716
0.4358	113
0.4358	203
0.4358	480
0.4358	607
0.4358	697
0.4358	739
0.4359	202
0.4359	664
0.436	168
0.436	228
0.4361	118
0.4362	528
0.4362	709
0.4362	812
0.4362	866
0.4362	950
0.4363	581
0.4364	101
0.4364	223
0.4364	347
0.4364	500
0.4365	160
0.4365	769
0.4366	447
0.4366	900
0.4368	44
0.4369	12
0.4369	703
0.437	982
0.4371	313
0.4371	635
0.4373	56
0.4373	219
0.4373	247
0.4373	289
0.4373	399
0.4373	534
0.4373	712
0.4374	215
0.4375	91
0.4376	87
0.4376	150
0.4376	736
0.4377	170
0.4378	116
0.4378	449
0.4378	466
0.4379	246
0.4379	505
0.4379	845
0.438	32
0.438	37
0.438	278
0.4381	73
0.4381	85
0.4381	142
0.4381	452
0.4381	685
0.4381	784
0.4381	918
0.4382	672
0.4382	705
0.4382	826
0.4383	71
0.4383	597
0.4384	233
0.4384	350
0.4384	373
0.4384	658
0.4384	676
0.4385	707
0.4386	674
0.4386	774
0.4386	792
0.4386	822
0.4387	755
0.4387	767
0.4387	842
0.4387	951
0.4387	993
0.4388	109
0.4388	125
0.4388	227
0.439	79
0.4391	26
0.4391	881
0.4392	108
0.4392	458
0.4393	508
0.4394	543
0.4394	746
0.4394	827
0.4395	128
0.4395	206
0.4395	764
0.4396	201
0.4396	570
0.4397	182
0.4397	354
0.4399	314
0.4399	914
0.44	179
0.44	485
0.44	644
0.44	912
0.4401	4
0.4401	851
0.4401	871
0.4402	730
0.4402	758
0.4402	843
0.4402	990
0.4403	267
0.4403	481
0.4403	895
0.4404	10
0.4404	501
0.4404	835
0.4405	360
0.4405	473
0.4406	483
0.4406	486
0.4407	82
0.4409	260
0.441	106
0.4411	200
0.4411	255
0.4411	390
0.4411	660
0.4412	20
0.4412	265
0.4412	509
0.4412	516
0.4412	917
0.4414	48
0.4414	579
0.4417	310
0.4417	931
0.4418	536
0.4419	334
0.4419	547
0.4419	677
0.442	680
0.4421	743
0.4421	860
0.4421	952
0.4422	3
0.4422	963
0.4423	369
0.4423	370
0.4423	699
0.4424	345
0.4425	279
0.4425	403
0.4425	932
0.4428	25
0.4428	46
0.4429	152
0.4429	490
0.4429	626
0.4429	714
0.443	83
0.443	293
0.443	787
0.443	971
0.4431	143
0.4431	328
0.4431	352
0.4431	698
0.4431	903
0.4432	365
0.4432	585
0.4434	478
0.4435	169
0.4435	899
0.4436	464
0.4436	789
0.4437	530
0.4439	724
0.4439	847
0.444	340
0.444	601
0.444	613
0.444	665
0.444	856
0.4441	239
0.4441	244
0.4441	251
0.4442	81
0.4444	884
0.4445	438
0.4446	514
0.4446	747
0.4447	257
0.4447	640
0.4447	782
0.4448	18
0.4449	60
0.4449	548
0.445	14
0.445	65
0.4451	9
0.4451	404
0.4451	776
0.4452	50
0.4452	216
0.4452	988
0.4454	522
0.4454	551
0.4454	877
0.4455	777
0.4456	119
0.4456	194
0.4456	984
0.4457	86
0.4457	475
0.4458	421
0.4458	694
0.4459	21
0.4459	229
0.4459	497
0.4459	596
0.446	372
0.4461	717
0.4462	193
0.4462	243
0.4462	729
0.4463	72
0.4463	77
0.4463	873
0.4463	916
0.4464	2
0.4464	78
0.4465	98
0.4465	174
0.4465	253
0.4465	316
0.4465	870
0.4466	40
0.4466	552
0.4466	567
0.4467	33
0.4467	252
0.4467	366
0.4467	401
0.4469	824
0.447	24
0.4471	262
0.4471	351
0.4472	123
0.4472	213
0.4472	502
0.4472	930
0.4473	463
0.4473	565
0.4473	711
0.4474	27
0.4474	946
0.4474	978
0.4475	495
0.4475	751
0.4476	137
0.4476	198
0.4476	307
0.4477	663
0.4477	886
0.4479	176
0.4479	318
0.4479	380
0.4479	521
0.4479	744
0.4481	135
0.4482	95
0.4482	616
0.4483	882
0.4484	320
0.4484	591
0.4485	470
0.4486	422
0.4486	435
0.4486	451
0.4486	520
0.4487	887
0.4487	889
0.4488	763
0.4488	947
0.4489	242
0.449	893
0.4491	28
0.4491	381
0.4491	491
0.4491	807
0.4491	864
0.4493	64
0.4493	637
0.4494	235
0.4495	107
0.4495	558
0.4495	973
0.4496	987
0.4497	199
0.4497	941
0.4498	538
0.4498	817
0.4498	875
0.4498	910
0.4498	977
0.4499	472
0.4499	727
0.4501	127
0.4501	829
0.4503	555
0.4504	455
0.4505	284
0.4505	349
0.4506	471
0.4506	923
0.4507	52
0.4507	96
0.4507	102
0.4507	650
0.4507	706
0.4508	54
0.4509	30
0.4509	42
0.451	781
0.451	968
0.4511	19
0.4511	173
0.4511	181
0.4511	448
0.4511	453
0.4511	922
0.4512	37
0.4512	416
0.4512	419
0.4512	652
0.4512	659
0.4513	264
0.4513	861
0.4513	937
0.4515	504
0.4515	666
0.4516	109
0.4516	418
0.4517	99
0.4517	221
0.4519	839
0.452	48
0.452	90
0.452	876
0.452	906
0.4521	342
0.4522	256
0.4522	391
0.4522	936
0.4523	728
0.4523	929
0.4524	241
0.4524	358
0.4525	780
0.4526	681
0.4526	986
0.4527	84
0.4527	983
0.4527	993
0.4528	35
0.4528	742
0.4529	273
0.4529	287
0.4529	526
0.453	635
0.4531	111
0.4532	91
0.4532	810
0.4533	484
0.4533	773
0.4534	79
0.4534	104
0.4534	493
0.4535	276
0.4535	712
0.4535	808
0.4536	313
0.4536	844
0.4537	590
0.4538	8
0.4538	581
0.4539	61
0.4539	898
0.4539	911
0.4539	970
0.454	93
0.454	457
0.454	765
0.4541	282
0.4541	733
0.4542	518
0.4542	645
0.4543	17
0.4543	749
0.4545	186
0.4545	756
0.4545	915
0.4546	507
0.4546	634
0.4547	347
0.4549	21
0.4549	270
0.4549	593
0.455	265
0.455	384
0.4551	292
0.4552	608
0.4552	918
0.4553	203
0.4554	51
0.4554	673
0.4554	750
0.4554	775
0.4555	97
0.4555	228
0.4555	793
0.4555	806
0.4557	835
0.4557	979
0.4559	89
0.4559	116
0.4559	614
0.456	300
0.456	339
0.4561	145
0.4561	525
0.4563	362
0.4563	827
0.4565	34
0.4565	556
0.4565	689
0.4565	822
0.4566	478
0.4568	445
0.4569	563
0.4569	658
0.457	753
0.4571	22
0.4571	672
0.4573	560
0.4574	249
0.4575	26
0.4575	597
0.4576	912
0.4577	909
0.4578	57
0.4578	210
0.4578	832
0.4578	874
0.4578	965
0.4579	860
0.458	247
0.458	951
0.4581	85
0.4581	393
0.4581	897
0.4582	59
0.4582	920
0.4583	367
0.4584	255
0.4584	473
0.4584	997
0.4585	685
0.4586	964
0.4587	81
0.4587	482
0.4587	488
0.4587	619
0.4588	385
0.4588	955
0.4589	479
0.459	310
0.459	660
0.4591	5
0.4591	9
0.4591	674
0.4591	709
0.4592	574
0.4593	784
0.4594	110
0.4595	98
0.4595	106
0.4595	633
0.4596	201
0.4596	722
0.4598	0
0.4598	108
0.4598	512
0.4599	215
0.46	56
0.4601	536
0.4602	25
0.4602	251
0.4602	582
0.4602	815
0.4606	441
0.4607	18
0.4607	71
0.4608	290
0.4611	403
0.4612	94
0.4613	275
0.4614	447
0.4614	656
0.4615	401
0.4615	520
0.4616	469
0.4616	483
0.4616	903
0.4617	373
0.4617	776
0.4618	705
0.4618	961
0.4619	32
0.4619	192
0.4619	736
0.4619	845
0.4619	884
0.462	182
0.4622	464
0.4622	622
0.4624	535
0.4624	787
0.4624	871
0.4624	953
0.4625	53
0.4625	307
0.4626	33
0.4626	202
0.4627	267
0.4628	458
0.4628	618
0.463	826
0.463	949
0.4631	86
0.4631	160
0.4631	397
0.4631	700
0.4632	73
0.4632	950
0.4633	502
0.4634	174
0.4634	460
0.4635	238
0.4635	878
0.4637	239
0.4637	916
0.4638	322
0.4638	500
0.4639	206
0.4639	491
0.4639	801
0.464	50
0.464	572
0.4643	545
0.4643	802
0.4644	395
0.4645	562
0.4646	46
0.4646	764
0.4647	64
0.4648	406
0.4648	740
0.4649	82
0.4649	126
0.4649	143
0.4651	338
0.4652	52
0.4652	189
0.4652	487
0.4653	83
0.4653	253
0.4653	350
0.4654	430
0.4654	463
0.4654	931
0.4655	289
0.4655	791
0.4655	831
0.4656	807
0.4656	967
0.4657	324
0.4657	504
0.4657	591
0.4658	279
0.4659	570
0.4659	731
0.4659	817
0.466	20
0.466	605
0.466	666
0.4661	836
0.4661	872
0.4663	21
0.4663	109
0.4663	370
0.4663	428
0.4664	169
0.4664	576
0.4664	895
0.4665	940
0.4666	28
0.4667	394
0.4669	185
0.4669	768
0.4669	993
0.467	24
0.467	40
0.467	135
0.467	237
0.467	328
0.4671	227
0.4672	410
0.4673	30
0.4673	747
0.4674	320
0.4674	438
0.4675	118
0.4675	400
0.4675	917
0.4676	197
0.4679	156
0.4679	266
0.4679	399
0.4679	528
0.468	481
0.468	548
0.468	620
0.4682	616
0.4682	699
0.4683	449
0.4684	425
0.4686	465
0.4687	497
0.4688	95
0.4688	467
0.4688	665
0.469	148
0.469	584
0.469	635
0.4691	6
0.4692	19
0.4692	726
0.4693	176
0.4694	65
0.4695	375
0.4696	662
0.4697	48
0.4698	278
0.4698	475
0.4699	579
0.4699	744
0.4699	843
0.47	87
0.4701	390
0.4701	900
0.4703	840
0.4705	137
0.4707	822
0.4707	856
0.4708	235
0.4708	422
0.4709	96
0.471	404
0.471	515
0.4711	196
0.4711	866
0.4713	804
0.4713	851
0.4713	929
0.4716	847
0.4716	915
0.4718	585
0.4718	677
0.4719	2
0.4719	199
0.4719	391
0.4719	551
0.4719	824
0.4719	901
0.4719	939
0.472	334
0.472	418
0.4721	827
0.4722	194
0.4722	380
0.4722	581
0.4723	987
0.4724	248
0.4724	341
0.4724	945
0.4725	79
0.4726	75
0.4726	372
0.4726	976
0.4728	485
0.4729	416
0.4729	781
0.473	37
0.473	262
0.473	348
0.473	509
0.4732	369
0.4732	530
0.4733	3
0.4733	374
0.4733	490
0.4733	505
0.4734	26
0.4735	486
0.4735	708
0.4736	590
0.4736	730
0.4736	860
0.4737	85
0.4737	918
0.4738	288
0.4738	522
0.4738	536
0.474	658
0.474	842
0.4741	923
0.4741	971
0.4742	125
0.4742	354
0.4743	213
0.4743	259
0.4743	318
0.4743	413
0.4743	478
0.4744	313
0.4745	97
0.4745	140
0.4745	645
0.4746	673
0.4746	780
0.4746	877
0.4747	81
0.4748	766
0.4749	123
0.475	543
0.4751	885
0.4752	597
0.4752	852
0.4753	122
0.4753	650
0.4754	170
0.4754	242
0.4756	219
0.4757	538
0.4758	946
0.4759	340
0.4759	353
0.4759	558
0.4759	569
0.476	712
0.4761	407
0.4762	495
0.4763	54
0.4763	835
0.4764	80
0.4764	552
0.4765	749
0.4766	116
0.4766	363
0.4766	540
0.4766	774
0.4767	823
0.4768	773
0.4769	119
0.4769	808
0.477	12
0.477	98
0.4771	387
0.4771	462
0.4771	743
0.4772	265
0.4773	111
0.4773	145
0.4774	912
0.4775	728
0.4776	35
0.4776	276
0.4776	376
0.4776	466
0.4776	484
0.4778	25
0.4778	664
0.4778	844
0.4779	106
0.4779	247
0.478	18
0.4781	344
0.4781	401
0.4781	634
0.4781	848
0.4782	316
0.4782	480
0.4782	596
0.4782	830
0.4782	927
0.4782	984
0.4783	660
0.4784	347
0.4784	446
0.4784	457
0.4784	875
0.4785	34
0.4785	239
0.4785	345
0.4785	871
0.4787	45
0.4787	362
0.4787	491
0.4788	104
0.4788	473
0.4789	203
0.4789	327
0.4789	594
0.479	756
0.4791	91
0.4792	525
0.4793	593
0.4793	769
0.4794	951
0.4795	132
0.4796	113
0.4796	381
0.4796	451
0.4796	778
0.4798	613
0.48	220
0.48	293
0.4801	142
0.4801	782
0.4801	925
0.4801	974
0.4802	366
0.4802	695
0.4803	52
0.4803	604
0.4803	894
0.4804	674
0.4804	883
0.4805	472
0.4805	916
0.4806	33
0.4806	273
0.4807	86
0.4807	180
0.4807	833
0.4808	784
0.4809	709
0.4809	864
0.481	610
0.4811	518
0.4812	134
0.4813	287
0.4813	874
0.4813	979
0.4814	44
0.4814	60
0.4814	672
0.4815	8
0.4815	15
0.4816	99
0.4816	955
0.4817	109
0.4817	351
0.4818	21
0.4818	255
0.4818	705
0.4818	963
0.4819	502
0.4819	753
0.4819	793
0.4819	947
0.482	22
0.482	494
0.482	659
0.4821	716
0.4823	78
0.4823	423
0.4823	910
0.4823	965
0.4824	722
0.4824	973
0.4825	174
0.4825	328
0.4826	697
0.4826	803
0.4826	986
0.4827	571
0.4828	217
0.4828	427
0.4828	448
0.4829	215
0.4829	616
0.4829	776
0.4829	893
0.483	384
0.483	968
0.4831	496
0.4832	339
0.4832	903
0.4832	964
0.4833	243
0.4833	637
0.4834	56
0.4834	282
0.4834	367
0.4835	0
0.4835	737
0.4836	48
0.4837	221
0.4837	504
0.4837	888
0.4838	59
0.4838	464
0.4839	233
0.4839	379
0.4839	936
0.484	292
0.4841	20
0.4841	89
0.4841	309
0.4841	970
0.4842	9
0.4842	314
0.4845	50
0.4845	591
0.4846	65
0.4846	845
0.4847	31
0.4847	38
0.4847	187
0.4847	447
0.4848	289
0.4849	118
0.4849	993
0.485	107
0.485	807
0.485	959
0.4851	723
0.4851	911
0.4852	101
0.4853	310
0.4853	623
0.4853	876
0.4854	680
0.4854	739
0.4855	46
0.4855	565
0.4855	678
0.4856	758
0.4856	922
0.4858	419
0.4858	578
0.4859	307
0.486	526
0.486	931
0.4861	160
0.4864	814
0.4865	93
0.4865	453
0.4866	24
0.4866	358
0.4866	735
0.4866	817
0.4867	827
0.4869	30
0.4869	135
0.4869	488
0.487	51
0.487	483
0.487	492
0.4872	329
0.4872	884
0.4873	445
0.4874	201
0.4875	176
0.4876	279
0.4876	950
0.4877	143
0.4878	27
0.4878	319
0.4878	822
0.4879	83
0.4879	253
0.4879	267
0.488	458
0.488	521
0.488	586
0.4881	275
0.4881	556
0.4881	560
0.4881	681
0.4882	555
0.4886	168
0.4886	246
0.4887	475
0.489	79
0.489	760
0.489	990
0.4891	193
0.4891	787
0.4894	14
0.4894	882
0.4895	667
0.4896	82
0.4896	94
0.4897	169
0.4897	563
0.4897	865
0.4897	914
0.4898	658
0.4898	850
0.4899	915
0.49	198
0.4901	197
0.4901	391
0.4901	944
0.4902	85
0.4902	481
0.4902	528
0.4902	534
0.4902	642
0.4902	666
0.4903	408
0.4904	152
0.4905	28
0.4905	917
0.4905	923
0.4906	552
0.4908	84
0.4908	497
0.4908	806
0.4909	361
0.491	239
0.491	720
0.4912	70
0.4912	320
0.4912	794
0.4913	370
0.4913	867
0.4914	71
0.4914	403
0.4914	598
0.4914	924
0.4915	26
0.4915	493
0.4915	685
0.4916	582
0.4917	349
0.4917	878
0.4917	890
0.4918	736
0.4918	752
0.4918	918
0.4918	952
0.492	707
0.4921	364
0.4922	438
0.4923	172
0.4923	300
0.4923	385
0.4923	435
0.4923	619
0.4924	901
0.4925	941
0.4927	61
0.4927	156
0.4928	607
0.4928	961
0.493	17
0.4932	95
0.4932	313
0.4932	665
0.4932	982
0.4934	19
0.4935	185
0.4935	857
0.4935	929
0.4935	992
0.4936	548
0.4936	668
0.4937	394
0.4937	430
0.4937	711
0.4938	401
0.4938	463
0.494	202
0.494	984
0.4941	203
0.4941	410
0.4942	3
0.4944	108
0.4944	512
0.4944	520
0.4945	54
0.4945	920
0.4946	491
0.4947	650
0.4948	18
0.4948	42
0.4949	138
0.4949	570
0.4951	35
0.4951	590
0.4952	36
0.4952	81
0.4953	109
0.4955	48
0.4956	74
0.4956	457
0.4956	536
0.4956	860
0.4957	121
0.4957	284
0.4957	744
0.4958	522
0.4959	179
0.4959	244
0.4959	380
0.496	25
0.4961	40
0.4961	266
0.4962	298
0.4962	515
0.4963	597
0.4963	775
0.4964	452
0.4964	871
0.4964	899
0.4965	21
0.4965	37
0.4965	977
0.4966	265
0.4967	86
0.4968	98
0.4968	887
0.4969	635
0.497	676
0.4973	206
0.4973	373
0.4973	537
0.4975	33
0.4976	949
0.4977	276
0.4978	32
0.4979	369
0.4979	416
0.4979	712
0.4981	228
0.4981	802
0.4983	9
0.4983	764
0.4984	155
0.4984	516
0.4985	997
0.4986	247
0.4986	742
0.4986	835
0.4988	486
0.4989	262
0.499	182
0.4991	895
0.4992	126
0.4992	971
0.4993	322
0.4993	694
0.4993	912
0.4994	102
0.4994	213
0.4994	808
0.4995	106
0.4995	145
0.4995	508
0.4997	684
0.4997	807
0.4997	898
0.4999	608
0.5	235
0.5001	72
0.5001	724
0.5002	270
0.5003	747
0.5003	773
0.5003	951
0.5004	604
0.5005	52
0.5005	763
0.5006	673
0.5006	781
0.5006	826
0.5007	200
0.5008	148
0.5008	237
0.5008	404
0.5008	728
0.5009	215
0.5009	324
0.5009	551
0.5011	815
0.5011	824
0.5011	847
0.5012	97
0.5013	907
0.5017	674
0.5017	856
0.5018	242
0.5018	368
0.5018	558
0.5018	843
0.5018	906
0.5019	176
0.5019	290
0.502	96
0.502	381
0.502	509
0.5021	307
0.5022	125
0.5022	340
0.5022	490
0.5022	504
0.5022	634
0.5023	5
0.5023	99
0.5023	591
0.5023	791
0.5026	812
0.5027	616
0.5028	135
0.5029	525
0.503	461
0.503	677
0.5031	104
0.5032	559
0.5032	729
0.5032	792
0.5034	50
0.5035	344
0.5035	530
0.5036	535
0.5037	640
0.5037	903
0.5038	539
0.5038	753
0.5038	978
0.5039	123
0.5039	441
0.5041	776
0.5041	889
0.5042	618
0.5042	659
0.5043	24
0.5043	92
0.5043	273
0.5044	278
0.5044	513
0.5045	0
0.5045	467
0.5046	310
0.5046	502
0.5046	739
0.5048	347
0.5048	851
0.5049	174
0.5049	194
0.5049	279
0.5049	993
0.505	366
0.5052	150
0.5052	829
0.5055	664
0.5056	318
0.5057	46
0.5057	768
0.5057	881
0.5059	900
0.506	581
0.5061	730
0.5061	915
0.5062	518
0.5062	727
0.5064	478
0.5066	448
0.5068	91
0.5068	756
0.5069	328
0.5069	418
0.507	355
0.507	759
0.507	772
0.5071	6
0.5071	422
0.5072	30
0.5072	79
0.5072	500
0.5073	964
0.5074	233
0.5075	375
0.5076	160
0.5077	21
0.5078	2
0.5078	579
0.5078	836
0.5078	886
0.5078	931
0.5079	26
0.5079	705
0.5079	787
0.508	630
0.5081	47
0.5081	166
0.5082	282
0.5082	545
0.5084	109
0.5084	743
0.5084	817
0.5085	201
0.5085	839
0.5086	567
0.5086	658
0.5086	987
0.5087	709
0.5087	844
0.5089	28
0.5089	464
0.509	113
0.509	143
0.509	243
0.5091	22
0.5092	248
0.5092	548
0.5092	593
0.5092	679
0.5092	780
0.5093	399
0.5093	473
0.5094	65
0.5094	514
0.5095	667
0.5095	939
0.5097	308
0.5097	350
0.5097	698
0.5097	784
0.5098	85
0.5098	722
0.5099	57
0.51	56
0.51	352
0.51	666
0.5101	20
0.5101	471
0.5101	495
0.5101	979
0.5102	662
0.5102	873
0.5102	922
0.5103	580
0.5103	804
0.5103	842
0.5104	116
0.5105	64
0.5106	916
0.5106	968
0.5107	264
0.5107	345
0.5107	918
0.5108	227
0.511	626
0.511	985
0.5111	584
0.5112	458
0.5112	491
0.5114	82
0.5114	219
0.5115	16
0.5116	18
0.5116	289
0.5116	391
0.5117	4
0.5117	672
0.5118	236
0.5118	367
0.5118	415
0.5118	714
0.5118	955
0.5119	845
0.512	71
0.5121	118
0.5121	421
0.5121	447
0.5124	292
0.5124	645
0.5125	48
0.5125	89
0.5125	472
0.5126	93
0.5128	460
0.5128	990
0.5129	249
0.5129	965
0.513	602
0.5131	251
0.5131	320
0.5131	485
0.5132	19
0.5132	255
0.5132	333
0.5134	81
0.5134	210
0.5134	419
0.5134	547
0.5135	94
0.5135	923
0.5136	720
0.5137	707
0.5138	353
0.5138	475
0.5139	967
0.514	42
0.514	528
0.514	660
0.514	894
0.5141	33
0.5141	86
0.5141	848
0.5142	27
0.5142	466
0.5143	642
0.5144	117
0.5144	137
0.5144	699
0.5145	376
0.5145	650
0.5146	77
0.5147	45
0.5147	49
0.5148	98
0.5148	556
0.5148	731
0.515	536
0.515	970
0.5151	370
0.5151	451
0.5152	180
0.5153	169
0.5153	663
0.5154	8
0.5154	199
0.5155	25
0.5155	331
0.5155	927
0.5156	852
0.5157	34
0.5157	35
0.5157	37
0.5157	73
0.5157	238
0.5158	265
0.5158	766
0.5159	87
0.516	183
0.5161	929
0.5161	984
0.5161	986
0.5162	488
0.5163	78
0.5163	83
0.5163	191
0.5163	438
0.5163	480
0.5164	543
0.5164	749
0.5165	218
0.5165	247
0.5165	487
0.5166	59
0.5166	152
0.5166	807
0.5167	401
0.5168	80
0.5168	349
0.5169	12
0.5169	54
0.5169	134
0.5169	397
0.5169	484
0.517	313
0.517	449
0.5172	823
0.5173	168
0.5173	170
0.5174	307
0.5174	424
0.5176	203
0.5176	822
0.5176	945
0.5177	106
0.5177	520
0.5177	860
0.5177	937
0.5177	946
0.5178	108
0.5178	239
0.5178	585
0.5178	591
0.5179	52
0.518	612
0.518	877
0.5181	40
0.5181	101
0.5181	300
0.5181	635
0.5183	189
0.5184	373
0.5185	72
0.5186	497
0.5186	665
0.5186	820
0.5187	253
0.5187	334
0.5187	555
0.5187	947
0.5188	7
0.5188	453
0.5188	700
0.5189	95
0.5189	912
0.519	445
0.5191	504
0.5191	527
0.5191	835
0.5192	748
0.5192	824
0.5193	351
0.5193	390
0.5193	936
0.5195	416
0.5195	594
0.5196	76
0.5197	3
0.5198	275
0.5198	695
0.52	216
0.5201	442
0.5201	570
0.5202	463
0.5202	552
0.5202	633
0.5202	733
0.5203	111
0.5203	744
0.5204	522
0.5205	176
0.5205	252
0.5205	309
0.5205	893
0.5206	9
0.5206	914
0.5207	61
0.5207	827
0.5207	884
0.5208	185
0.5208	394
0.5208	806
0.5209	354
0.5209	644
0.5209	785
0.5209	993
0.521	610
0.5211	335
0.5211	769
0.5212	708
0.5212	712
0.5213	267
0.5215	997
0.5216	217
0.5216	562
0.5217	365
0.5217	538
0.5218	372
0.5218	481
0.5219	276
0.5219	685
0.522	173
0.5221	46
0.5221	75
0.5222	619
0.5222	796
0.5223	457
0.5223	878
0.5224	260
0.5224	909
0.5225	60
0.5225	587
0.5225	616
0.5226	32
0.5226	287
0.5226	910
0.5227	0
0.5227	310
0.5227	483
0.5228	187
0.5228	384
0.5229	380
0.523	186
0.523	316
0.523	404
0.523	439
0.523	863
0.5231	214
0.5232	109
0.5232	507
0.5233	97
0.5233	220
0.5233	502
0.5233	621
0.5233	932
0.5234	79
0.5234	669
0.5234	831
0.5235	501
0.5235	917
0.5236	125
0.5236	153
0.5236	396
0.5236	592
0.5236	706
0.5236	740
0.5236	971
0.5238	597
0.5239	781
0.524	96
0.5241	51
0.5241	808
0.5241	903
0.5243	876
0.5244	107
0.5244	478
0.5244	961
0.5245	656
0.5247	402
0.5247	774
0.5247	951
0.5248	569
0.5248	973
0.5251	48
0.5251	50
0.5251	135
0.5251	582
0.5251	648
0.5251	658
0.5251	753
0.5251	776
0.5252	206
0.5252	838
0.5253	523
0.5254	830
0.5255	677
0.5256	197
0.5257	21
0.5257	44
0.5257	558
0.5258	110
0.5258	482
0.5258	673
0.5258	915
0.5259	26
0.5259	284
0.5259	793
0.526	435
0.526	479
0.5261	279
0.5263	174
0.5263	764
0.5264	202
0.5264	364
0.5264	551
0.5264	736
0.5264	882
0.5265	91
0.5265	119
0.5265	262
0.5266	286
0.5266	565
0.5266	735
0.5267	288
0.5268	24
0.5268	560
0.5269	116
0.5269	418
0.5269	532
0.5271	659
0.5273	705
0.5274	213
0.5275	636
0.5275	674
0.5275	773
0.5275	872
0.5276	193
0.5277	30
0.5277	56
0.5277	85
0.5277	391
0.5277	408
0.5278	473
0.5278	572
0.528	817
0.5281	37
0.5281	787
0.5282	490
0.5283	194
0.5283	242
0.5283	856
0.5284	506
0.5284	931
0.5287	55
0.5287	464
0.5287	563
0.5287	974
0.5288	64
0.5288	81
0.5288	430
0.5288	634
0.5288	751
0.5288	916
0.5289	681
0.529	871
0.5291	319
0.5291	864
0.5292	201
0.5292	362
0.5292	400
0.5293	255
0.5293	491
0.5293	596
0.5293	949
0.5295	235
0.5295	410
0.5295	874
0.5295	950
0.5296	666
0.5297	33
0.5297	425
0.5298	266
0.5298	620
0.5299	395
0.5299	422
0.5299	723
0.53	140
0.53	215
0.5301	145
0.5301	160
0.5302	282
0.5303	118
0.5303	126
0.5303	403
0.5303	861
0.5304	74
0.5304	104
0.5304	366
0.5305	239
0.5305	413
0.5306	281
0.5307	25
0.5307	918
0.5308	20
0.5308	361
0.5308	528
0.5309	99
0.5309	567
0.531	328
0.531	844
0.5311	604
0.5312	2
0.5312	338
0.5312	590
0.5313	728
0.5313	737
0.5313	930
0.5315	406
0.5315	756
0.5316	722
0.5317	18
0.5317	608
0.5318	505
0.5318	867
0.5318	941
0.5319	521
0.532	148
0.532	347
0.532	697
0.532	911
0.5321	127
0.5321	290
0.5321	307
0.5321	843
0.5321	925
0.5321	968
0.5322	52
0.5322	117
0.5322	509
0.5323	883
0.5324	86
0.5324	851
0.5324	866
0.5325	71
0.5326	84
0.5326	635
0.5327	716
0.5327	880
0.533	27
0.533	441
0.533	780
0.5331	159
0.5331	525
0.5332	219
0.5332	401
0.5332	822
0.5333	842
0.5333	964
0.5334	69
0.5334	393
0.5334	614
0.5334	807
0.5334	923
0.5335	17
0.5335	419
0.5335	623
0.5335	959
0.5336	137
0.5336	272
0.5336	475
0.5336	779
0.5337	165
0.5337	574
0.5339	660
0.534	28
0.534	447
0.534	847
0.5341	98
0.5341	199
0.5341	251
0.5341	493
0.5341	556
0.5342	526
0.5342	752
0.5342	845
0.5343	953
0.5344	791
0.5345	448
0.5345	672
0.5347	22
0.5347	339
0.5348	70
0.5348	927
0.5348	929
0.5349	198
0.5349	324
0.5349	591
0.535	35
0.535	462
0.5351	156
0.5351	203
0.5351	381
0.5351	458
0.5351	860
0.5351	990
0.5352	14
0.5352	73
0.5352	545
0.5353	314
0.5354	237
0.5354	289
0.5354	320
0.5354	694
0.5355	747
0.5356	54
0.5356	341
0.5356	375
0.5356	504
0.5356	581
0.5357	48
0.5357	89
0.5357	318
0.5357	363
0.5357	802
0.5358	516
0.5358	739
0.536	709
0.5361	90
0.5361	221
0.5361	520
0.5361	775
0.5362	585
0.5362	676
0.5363	5
0.5363	19
0.5363	784
0.5363	993
0.5364	9
0.5364	40
0.5364	57
0.5364	434
0.5364	944
0.5365	265
0.5365	763
0.5366	246
0.5368	313
0.5368	416
0.5369	829
0.537	472
0.5371	899
0.5372	109
0.5372	650
0.5373	106
0.5373	256
0.5373	310
0.5373	978
0.5374	38
0.5374	233
0.5374	248
0.5374	446
0.5374	530
0.5374	536
0.5374	742
0.5375	46
0.5375	578
0.5377	93
0.5377	94
0.5377	322
0.5378	247
0.5378	367
0.5379	42
0.5379	210
0.5379	518
0.538	65
0.538	840
0.538	890
0.538	955
0.5381	169
0.5381	345
0.5381	803
0.5381	963
0.5382	369
0.5383	108
0.5383	894
0.5384	21
0.5384	423
0.5385	185
0.5386	275
0.5386	618
0.5386	758
0.5386	887
0.5387	278
0.5389	315
0.5389	515
0.539	123
0.539	552
0.5391	349
0.5391	427
0.5391	548
0.5392	407
0.5393	898
0.5394	385
0.5394	497
0.5394	912
0.5394	987
0.5395	113
0.5395	806
0.5395	977
0.5396	685
0.5397	984
0.5398	616
0.5399	192
0.5399	380
0.5399	768
0.5399	827
0.54	726
0.5401	399
0.5401	508
0.5401	965
0.5402	79
0.5402	342
0.5403	712
0.5404	535
0.5405	95
0.5405	749
0.5406	379
0.5407	607
0.5408	268
0.5408	571
0.5408	613
0.5408	875
0.5409	494
0.5409	951
0.5409	988
0.541	370
0.541	463
0.541	478
0.5412	300
0.5412	719
0.5413	707
0.5413	917
0.5414	486
0.5415	835
0.5416	85
0.5416	547
0.5417	6
0.5417	522
0.5418	273
0.5418	438
0.5419	869
0.5421	143
0.5421	543
0.5422	264
0.5423	340
0.5423	680
0.5425	772
0.5425	776
0.5426	82
0.5426	467
0.5426	900
0.5427	665
0.5427	876
0.5428	808
0.543	276
0.5431	897
0.5432	122
0.5432	253
0.5432	344
0.5433	873
0.5434	664
0.5434	903
0.5434	997
0.5435	658
0.5436	328
0.5436	584
0.5436	659
0.5438	91
0.5438	97
0.5438	110
0.5438	316
0.5438	896
0.5439	45
0.5439	181
0.5439	804
0.544	451
0.544	491
0.5442	182
0.5442	267
0.5442	666
0.5442	733
0.5443	222
0.5443	465
0.5443	724
0.5443	970
0.5444	594
0.5445	61
0.5445	512
0.5446	4
0.5446	50
0.5446	705
0.5446	886
0.5446	973
0.5447	597
0.5448	531
0.5448	885
0.5449	33
0.5449	135
0.5449	727
0.545	78
0.545	115
0.5451	374
0.5451	404
0.5452	26
0.5452	176
0.5452	292
0.5452	759
0.5454	391
0.5455	593
0.5456	579
0.5456	604
0.5458	401
0.5458	778
0.5459	736
0.546	817
0.546	865
0.546	985
0.5461	229
0.5462	939
0.5463	80
0.5463	116
0.5463	372
0.5464	72
0.5464	101
0.5464	948
0.5465	24
0.5465	249
0.5465	787
0.5466	18
0.5466	244
0.5467	809
0.5468	0
0.5468	826
0.5469	282
0.5469	745
0.547	86
0.547	134
0.547	488
0.5471	201
0.5471	923
0.5472	228
0.5473	3
0.5474	152
0.5474	445
0.5476	52
0.5476	695
0.5477	160
0.5477	979
0.5479	138
0.5479	824
0.548	673
0.5481	220
0.5481	394
0.5481	773
0.5483	645
0.5484	586
0.5484	667
0.5486	81
0.5486	848
0.5487	109
0.5488	25
0.5488	351
0.5488	677
0.5489	239
0.5489	674
0.5489	807
0.549	30
0.549	551
0.549	949
0.5491	20
0.5492	540
0.5493	145
0.5494	376
0.5494	487
0.5494	635
0.5494	765
0.5494	918
0.5495	203
0.5495	215
0.5495	299
0.5495	460
0.5497	976
0.5498	871
0.5499	350
0.5499	453
0.5499	789
0.55	206
0.55	591
0.5502	435
0.5503	9
0.5503	48
0.5503	753
0.5505	98
0.5505	570
0.5506	619
0.5507	2
0.5507	21
0.5507	484
0.5507	502
0.5507	870
0.5508	513
0.5508	568
0.5509	174
0.5509	279
0.551	457
0.551	922
0.5511	464
0.5511	744
0.5511	915
0.5512	284
0.5513	756
0.5514	525
0.5514	967
0.5515	310
0.5517	307
0.5517	881
0.5518	860
0.5518	936
0.5519	353
0.5519	660
0.5519	950
0.552	262
0.552	309
0.552	857
0.5521	790
0.5522	32
0.5522	373
0.5522	504
0.5523	137
0.5523	320
0.5523	747
0.5524	397
0.5525	313
0.5525	831
0.5526	941
0.5526	993
0.5527	49
0.5528	74
0.5528	743
0.5528	906
0.5529	193
0.5529	856
0.553	308
0.553	750
0.5532	75
0.5532	534
0.5532	616
0.5538	96
0.5538	556
0.5539	289
0.5539	694
0.554	265
0.554	461
0.554	560
0.5541	16
0.5541	54
0.5541	77
0.5541	882
0.5542	971
0.5543	788
0.5544	481
0.5545	35
0.5545	700
0.5545	845
0.5545	964
0.5547	864
0.5547	912
0.555	19
0.5551	558
0.5551	793
0.5554	447
0.5555	217
0.5555	475
0.5555	634
0.5555	947
0.5556	500
0.5557	536
0.5558	672
0.5559	104
0.556	247
0.556	706
0.5561	894
0.5562	916
0.5563	56
0.5563	872
0.5564	829
0.5564	847
0.5565	227
0.5565	780
0.5566	485
0.5567	416
0.5568	235
0.5569	731
0.557	42
0.557	79
0.557	505
0.5571	818
0.5574	242
0.5574	861
0.5575	523
0.5575	968
0.5576	633
0.5576	902
0.5577	473
0.5577	781
0.5578	458
0.5578	893
0.5579	590
0.558	514
0.558	899
0.5581	702
0.5581	867
0.5582	148
0.5586	27
0.5586	663
0.5587	5
0.5587	34
0.5587	830
0.5588	46
0.5588	169
0.5588	491
0.5588	844
0.5589	466
0.5589	895
0.559	802
0.5592	199
0.5593	366
0.5593	630
0.5594	752
0.5595	103
0.5595	877
0.5596	40
0.5596	176
0.5597	87
0.5597	483
0.5598	85
0.5598	198
0.5598	499
0.5598	951
0.5599	347
0.5599	430
0.5599	665
0.5599	769
0.5599	822
0.56	280
0.5601	168
0.5602	82
0.5602	472
0.5602	835
0.5603	92
0.5603	640
0.5603	917
0.5604	102
0.5604	349
0.5604	391
0.5604	418
0.5604	825
0.5605	784
0.5605	931
0.5606	28
0.5606	362
0.5606	929
0.5608	658
0.561	666
0.5611	117
0.5611	722
0.5613	364
0.5613	497
0.5614	776
0.5614	824
0.5614	955
0.5616	384
0.5618	479
0.5618	807
0.5619	126
0.562	65
0.562	801
0.562	827
0.5622	109
0.5622	251
0.5622	380
0.5622	625
0.5623	823
0.5624	678
0.5624	768
0.5625	52
0.5625	91
0.5627	26
0.5629	33
0.5629	509
0.563	592
0.5631	135
0.5631	194
0.5631	201
0.5631	775
0.5632	755
0.5632	990
0.5633	71
0.5633	401
0.5635	255
0.5635	562
0.5635	806
0.5635	884
0.5636	520
0.5636	522
0.5637	99
0.5637	581
0.5638	237
0.5639	118
0.5639	903
0.5641	482
0.5641	886
0.5643	213
0.5644	239
0.5644	319
0.5645	555
0.5645	597
0.5646	515
0.5646	808
0.5647	650
0.5647	887
0.5647	965
0.5648	47
0.5649	93
0.5651	21
0.5651	276
0.5653	490
0.5655	318
0.5655	355
0.5655	580
0.5656	438
0.5657	267
0.5657	273
0.5658	25
0.5658	143
0.5659	563
0.5659	709
0.566	876
0.5661	18
0.5661	170
0.5661	712
0.5661	994
0.5662	419
0.5662	614
0.5663	370
0.5664	635
0.5666	81
0.5666	84
0.5666	203
0.5666	422
0.5667	711
0.5668	328
0.567	97
0.567	478
0.567	674
0.567	973
0.5671	918
0.5672	774
0.5672	796
0.5672	984
0.5674	23
0.5674	645
0.5675	50
0.5675	86
0.5676	395
0.5677	89
0.5677	842
0.5678	375
0.5681	504
0.5681	585
0.5683	191
0.5683	791
0.5684	20
0.5684	449
0.5686	73
0.5686	530
0.5686	911
0.5686	923
0.5687	518
0.5688	265
0.5688	764
0.569	171
0.5691	288
0.5691	986
0.5692	24
0.5692	354
0.5693	196
0.5693	642
0.5693	699
0.5695	3
0.5696	293
0.5696	552
0.5696	659
0.5697	83
0.5699	307
0.5702	945
0.5704	435
0.5705	407
0.5706	680
0.5706	817
0.5708	123
0.5708	502
0.5708	660
0.5708	804
0.5709	98
0.5709	915
0.571	48
0.571	215
0.5711	79
0.5712	930
0.5712	961
0.5715	51
0.5715	399
0.5715	705
0.5715	792
0.5716	22
0.5716	616
0.5719	78
0.5719	369
0.572	54
0.572	673
0.5721	860
0.5722	331
0.5723	8
0.5723	206
0.5723	313
0.5724	160
0.5725	852
0.5728	787
0.5729	352
0.5731	866
0.5732	920
0.5733	125
0.5733	871
0.5735	60
0.5736	210
0.5736	361
0.5736	773
0.5738	96
0.5739	59
0.574	736
0.5742	137
0.5742	202
0.5742	300
0.5742	525
0.5742	744
0.5743	528
0.5744	959
0.5745	299
0.5746	30
0.5746	95
0.5746	733
0.5747	9
0.5747	262
0.5748	909
0.5749	49
0.5749	145
0.5749	247
0.5751	40
0.5751	463
0.5751	491
0.5752	310
0.5752	403
0.5752	648
0.5752	878
0.5753	324
0.5753	508
0.5753	545
0.5754	248
0.5754	898
0.5755	339
0.5756	41
0.5756	767
0.5758	109
0.5758	320
0.5758	987
0.5759	61
0.5759	260
0.5759	536
0.5759	912
0.576	372
0.576	445
0.576	551
0.5762	187
0.5763	37
0.5763	556
0.5763	637
0.5763	753
0.5764	448
0.5768	451
0.5768	537
0.5769	174
0.577	108
0.577	591
0.577	605
0.5771	76
0.5771	735
0.5772	90
0.5772	779
0.5772	781
0.5772	843
0.5773	35
0.5773	538
0.5776	446
0.5776	464
0.5777	74
0.5777	284
0.5777	740
0.5777	822
0.5778	12
0.5778	794
0.5779	968
0.578	590
0.5781	189
0.5781	658
0.5781	667
0.5781	672
0.5782	275
0.5783	851
0.5784	594
0.5784	716
0.5784	939
0.5785	462
0.5785	749
0.5785	907
0.5787	579
0.5788	85
0.5788	406
0.5788	521
0.5788	543
0.5788	604
0.5789	316
0.5789	861
0.579	21
0.579	394
0.579	848
0.5794	756
0.5794	950
0.5795	87
0.5795	334
0.5795	367
0.5795	746
0.5796	27
0.5796	338
0.5796	480
0.5796	970
0.5796	997
0.5797	249
0.5797	279
0.5798	52
0.58	526
0.58	685
0.58	892
0.5801	28
0.5801	949
0.5801	964
0.5802	514
0.5802	582
0.5803	730
0.5805	917
0.5806	270
0.5807	289
0.5807	423
0.5807	457
0.5807	512
0.5807	978
0.5808	199
0.5808	393
0.5809	608
0.5809	807
0.5811	264
0.5812	219
0.5812	391
0.5812	946
0.5813	322
0.5814	140
0.5814	844
0.5817	845
0.5817	936
0.5819	25
0.5819	152
0.5819	922
0.582	447
0.582	951
0.5822	176
0.5823	131
0.5823	558
0.5824	548
0.5824	835
0.5824	890
0.5826	65
0.5828	94
0.5828	110
0.5829	33
0.5829	484
0.5829	827
0.583	135
0.583	889
0.5831	81
0.5831	349
0.5831	557
0.5832	119
0.5832	282
0.5832	607
0.5832	772
0.5832	993
0.5833	4
0.5833	666
0.5835	278
0.5835	290
0.5837	266
0.5837	677
0.5838	48
0.5838	374
0.5838	571
0.5838	623
0.5839	106
0.5839	441
0.5839	971
0.584	200
0.5841	400
0.5842	475
0.5843	246
0.5843	416
0.5843	486
0.5843	622
0.5843	974
0.5844	360
0.5844	381
0.5845	169
0.5845	778
0.5846	856
0.5847	117
0.5847	252
0.5847	384
0.5847	708
0.5847	742
0.5847	780
0.5847	914
0.5848	235
0.5848	758
0.5848	776
0.5848	806
0.5849	458
0.585	547
0.5852	292
0.5852	650
0.5853	132
0.5853	504
0.5853	872
0.5854	401
0.5855	56
0.5856	560
0.5856	874
0.5857	593
0.5857	793
0.5859	45
0.586	864
0.5861	518
0.5862	86
0.5863	18
0.5864	34
0.5864	478
0.5865	694
0.5865	695
0.5865	703
0.5866	973
0.5867	404
0.5867	539
0.5868	307
0.5868	483
0.5868	903
0.5869	44
0.5869	239
0.5869	438
0.5869	473
0.5869	916
0.587	77
0.587	706
0.5871	345
0.5871	488
0.5871	614
0.5872	79
0.5872	676
0.5873	255
0.5873	362
0.5874	581
0.5874	743
0.5875	567
0.5875	918
0.5876	32
0.5876	635
0.5876	712
0.5877	24
0.5877	380
0.5877	619
0.5878	82
0.5878	91
0.5878	748
0.5879	26
0.588	99
0.588	228
0.588	616
0.5881	505
0.5882	747
0.5882	941
0.5883	88
0.5883	570
0.5886	729
0.5887	42
0.5888	366
0.5888	728
0.5888	766
0.5888	808
0.5889	50
0.5889	71
0.5889	830
0.5889	847
0.5889	915
0.5889	953
0.589	472
0.5891	101
0.5891	522
0.5891	620
0.5893	418
0.5893	782
0.5894	83
0.5894	253
0.5894	340
0.5894	961
0.5897	370
0.5897	479
0.5897	681
0.5897	894
0.5897	929
0.5897	979
0.5898	11
0.5898	931
0.5899	20
0.5899	98
0.5899	116
0.5899	824
0.5899	899
0.59	723
0.5901	552
0.5901	955
0.5902	705
0.5904	506
0.5905	520
0.5905	923
0.5906	19
0.5906	75
0.5906	233
0.5906	722
0.5906	784
0.5907	109
0.5907	665
0.5908	107
0.5908	287
0.5908	664
0.5908	990
0.5909	0
0.591	817
0.5911	516
0.5911	555
0.5912	80
0.5914	585
0.5915	9
0.5915	563
0.5916	156
0.5916	829
0.5917	17
0.5918	46
0.5918	491
0.5919	122
0.592	97
0.592	137
0.592	185
0.592	227
0.5921	354
0.5922	40
0.5922	497
0.5922	802
0.5924	14
0.5924	164
0.5925	143
0.5925	220
0.5925	276
0.5925	836
0.5926	201
0.5926	525
0.5927	2
0.5928	699
0.5929	104
0.5929	502
0.5929	659
0.593	16
0.593	174
0.5931	192
0.5931	634
0.5931	674
0.5932	485
0.5935	197
0.5935	763
0.5936	21
0.5936	773
0.5938	194
0.5938	410
0.5938	490
0.594	471
0.5941	182
0.5941	860
0.5942	38
0.5942	160
0.5943	118
0.5943	660
0.5944	5
0.5944	89
0.5945	267
0.5945	768
0.5946	203
0.5946	737
0.5947	303
0.5947	313
0.5947	739
0.5948	85
0.5948	126
0.5948	669
0.5948	870
0.5948	895
0.5949	74
0.595	314
0.595	390
0.5951	591
0.5952	309
0.5952	807
0.5952	812
0.5953	610
0.5953	672
0.5953	875
0.5954	145
0.5954	727
0.5955	269
0.5956	787
0.5956	840
0.5957	215
0.5957	965
0.5958	453
0.5959	618
0.596	592
0.5961	318
0.5961	597
0.5962	6
0.5962	217
0.5963	57
0.5963	265
0.5963	279
0.5963	427
0.5967	310
0.5967	911
0.5969	3
0.5969	347
0.5969	930
0.5971	791
0.5972	425
0.5973	96
0.5973	495
0.5973	832
0.5973	893
0.5974	867
0.5977	30
0.5977	95
0.5978	262
0.5978	831
0.598	134
0.598	176
0.598	467
0.598	876
0.5981	113
0.5981	395
0.5982	8
0.5982	535
0.5982	884
0.5983	391
0.5984	84
0.5984	247
0.5984	328
0.5984	463
0.5984	582
0.5986	223
0.5986	984
0.5987	28
0.5987	33
0.5987	744
0.5988	275
0.5988	344
0.5988	513
0.5988	636
0.5989	243
0.5989	869
0.599	709
0.599	736
0.5991	93
0.5991	886
0.5991	993
0.5992	58
0.5992	515
0.5992	536
0.5992	538
0.5992	645
0.5992	781
0.5992	901
0.5993	430
0.5993	658
0.5993	835
0.5994	680
0.5995	363
0.5995	419
0.5995	707
0.5995	775
0.5996	206
0.5996	960
0.5996	985
0.5997	108
0.5997	138
0.5997	482
0.5997	487
0.5998	464
0.5998	466
0.5998	666
0.5999	48
0.5999	73
0.5999	871
0.6	341
0.6	449
0.6001	733
0.6002	481
0.6002	822
0.6003	35
0.6003	673
0.6003	873
0.6004	186
0.6004	912
0.6005	685
0.6005	774
0.6006	379
0.6007	364
0.6008	78
0.6008	199
0.6008	300
0.6009	18
0.601	289
0.6011	25
0.6011	236
0.6013	52
0.6013	54
0.6013	850
0.6014	193
0.6014	320
0.6014	399
0.6015	327
0.6016	401
0.6017	241
0.6017	551
0.6018	61
0.6018	917
0.6019	86
0.6019	242
0.6019	556
0.602	183
0.602	509
0.602	906
0.6021	187
0.6022	562
0.6022	900
0.6022	977
0.6023	91
0.6024	827
0.6028	925
0.6029	158
0.603	213
0.603	351
0.603	372
0.6031	297
0.6032	408
0.6033	51
0.6033	572
0.6034	22
0.6035	102
0.6035	135
0.6035	458
0.6036	968
0.6037	81
0.6037	339
0.6038	82
0.6039	530
0.6041	322
0.6041	349
0.6041	776
0.6042	47
0.6042	259
0.6042	650
0.6042	951
0.6043	60
0.6043	219
0.6043	282
0.6045	109
0.6045	316
0.6045	478
0.6045	910
0.6046	239
0.6046	916
0.6047	106
0.6047	712
0.6048	198
0.6048	534
0.6048	581
0.6048	796
0.605	815
0.6051	288
0.6051	817
0.6052	475
0.6052	500
0.6052	504
0.6052	885
0.6053	804
0.6054	65
0.6054	367
0.6054	375
0.6054	967
0.6055	26
0.6055	244
0.6055	518
0.6055	642
0.6056	148
0.6056	918
0.6057	353
0.6059	308
0.6059	662
0.6059	755
0.606	72
0.606	594
0.606	848
0.606	939
0.606	964
0.6061	376
0.6061	753
0.6062	87
0.6062	159
0.6062	180
0.6062	191
0.6063	756
0.6064	123
0.6065	558
0.6065	851
0.6065	915
0.6065	973
0.6066	12
0.6066	19
0.6066	292
0.6066	635
0.6066	700
0.6066	997
0.6067	334
0.6067	369
0.6067	568
0.6068	959
0.6069	20
0.6069	416
0.6069	845
0.607	394
0.607	445
0.6071	24
0.6071	92
0.6071	872
0.6073	415
0.6074	486
0.6074	578
0.6074	882
0.6074	903
0.6074	929
0.6075	56
0.6075	793
0.6076	613
0.6076	616
0.6076	752
0.6077	169
0.6077	307
0.6077	448
0.6078	64
0.6078	590
0.6079	116
0.6079	665
0.6079	705
0.608	565
0.6082	21
0.6082	141
0.6082	877
0.6082	878
0.6083	465
0.6084	543
0.6085	435
0.6085	441
0.6087	418
0.6088	387
0.6088	442
0.6088	944
0.6089	499
0.609	79
0.609	98
0.609	852
0.6091	856
0.6092	612
0.6093	46
0.6093	807
0.6093	866
0.6094	94
0.6094	808
0.6095	255
0.6095	460
0.6095	484
0.6095	955
0.6096	380
0.6096	404
0.6096	847
0.6097	473
0.6097	883
0.6098	50
0.6098	451
0.6099	34
0.6099	119
0.6099	273
0.61	313
0.61	385
0.61	447
0.61	780
0.6101	27
0.6101	85
0.6101	491
0.6102	155
0.6102	168
0.6103	674
0.6105	299
0.6105	522
0.6105	659
0.6107	949
0.6108	42
0.6108	585
0.6109	457
0.6111	203
0.6111	350
0.6111	824
0.6111	874
0.6111	920
0.6112	324
0.6112	749
0.6112	923
0.6113	264
0.6113	860
0.6115	229
0.6115	502
0.6116	253
0.6119	763
0.612	40
0.612	298
0.6121	248
0.6121	764
0.6123	950
0.6125	251
0.6126	864
0.6128	201
0.6128	743
0.613	723
0.6133	677
0.6133	931
0.6134	32
0.6134	97
0.6134	215
0.6135	160
0.6135	265
0.6136	391
0.6137	176
0.6137	566
0.6138	728
0.6139	488
0.6139	505
0.614	540
0.6141	110
0.6141	276
0.6142	33
0.6143	235
0.6144	143
0.6144	422
0.6144	809
0.6144	982
0.6145	9
0.6145	352
0.6145	591
0.6146	310
0.6146	347
0.6146	440
0.6146	695
0.6146	971
0.6146	986
0.6147	45
0.6147	99
0.6147	319
0.6147	340
0.6148	658
0.6148	833
0.6149	48
0.6149	552
0.6149	604
0.6149	789
0.615	773
0.6151	49
0.6151	142
0.6151	792
0.6152	0
0.6152	328
0.6152	571
0.6153	202
0.6153	993
0.6154	95
0.6154	118
0.6154	165
0.6154	221
0.6156	472
0.6157	497
0.6157	787
0.6158	731
0.6158	772
0.6159	438
0.6159	722
0.6159	914
0.616	407
0.616	593
0.6161	370
0.6161	446
0.6162	857
0.6163	3
0.6163	100
0.6163	735
0.6164	28
0.6164	384
0.6165	597
0.6166	480
0.6166	666
0.6167	361
0.617	490
0.617	784
0.617	970
0.6171	83
0.6172	871
0.6173	740
0.6175	86
0.6176	397
0.6176	781
0.6178	637
0.6179	233
0.6179	314
0.618	463
0.618	894
0.6181	91
0.6181	806
0.6181	835
0.6182	261
0.6182	493
0.6183	109
0.6183	947
0.6184	194
0.6184	614
0.6185	290
0.6186	423
0.6186	803
0.6186	912
0.6188	54
0.6188	81
0.6189	917
0.619	52
0.619	170
0.619	247
0.619	278
0.6192	365
0.6192	768
0.6193	18
0.6193	25
0.6194	362
0.6194	619
0.6195	358
0.6197	634
0.6198	279
0.6198	608
0.6199	778
0.6201	430
0.6202	126
0.6202	462
0.6202	464
0.6203	625
0.6204	71
0.6204	744
0.6206	108
0.6206	239
0.6206	584
0.6207	374
0.6207	853
0.6208	289
0.6209	570
0.6209	650
0.621	174
0.621	185
0.621	548
0.6211	421
0.6211	673
0.6211	924
0.6212	888
0.6214	267
0.6215	563
0.6216	111
0.6216	826
0.6218	75
0.6219	136
0.6219	216
0.6219	381
0.6219	965
0.622	560
0.6221	117
0.6222	101
0.6222	769
0.6223	26
0.6223	403
0.6223	663
0.6223	697
0.6223	911
0.6224	514
0.6225	57
0.6225	844
0.6226	8
0.6226	349
0.6226	364
0.6226	525
0.6226	536
0.6226	812
0.6226	918
0.6228	237
0.6228	282
0.6228	685
0.6229	61
0.6229	246
0.623	470
0.623	694
0.623	884
0.623	951
0.6231	147
0.6231	839
0.6232	21
0.6232	135
0.6232	262
0.6233	681
0.6233	732
0.6234	121
0.6234	318
0.6234	504
0.6235	307
0.6235	337
0.6236	491
0.6237	20
0.6238	275
0.6238	466
0.6239	520
0.6239	616
0.6239	961
0.624	320
0.624	940
0.6241	137
0.6241	166
0.6241	452
0.6241	823
0.6242	660
0.6242	699
0.6243	65
0.6243	103
0.6243	984
0.6244	822
0.6245	106
0.6245	915
0.6247	89
0.6247	220
0.6247	672
0.6248	152
0.6248	642
0.6248	776
0.6249	249
0.625	80
0.625	515
0.625	817
0.6251	37
0.6253	654
0.6255	30
0.6255	895
0.6256	521
0.6257	200
0.6258	538
0.6258	802
0.6259	14
0.6259	366
0.6259	475
0.626	401
0.6261	46
0.6262	2
0.6262	709
0.6263	85
0.6263	876
0.6264	312
0.6264	791
0.6265	528
0.6265	581
0.6265	747
0.6268	125
0.6268	955
0.6269	408
0.6269	458
0.6269	481
0.6269	509
0.6269	518
0.6269	922
0.627	807
0.6271	485
0.6271	545
0.6271	556
0.6271	830
0.6272	478
0.6272	522
0.6273	183
0.6273	242
0.6273	923
0.6274	667
0.6275	526
0.6276	228
0.6276	399
0.6276	551
0.6276	814
0.6277	72
0.6277	300
0.6278	810
0.6278	987
0.6279	662
0.6279	964
0.628	182
0.628	607
0.6281	48
0.6281	98
0.6281	197
0.6281	473
0.6282	535
0.6282	674
0.6282	739
0.6284	547
0.6284	941
0.6285	887
0.6286	33
0.6287	373
0.6288	820
0.6288	829
0.6288	903
0.6288	990
0.6289	605
0.6289	766
0.6289	967
0.629	44
0.629	644
0.629	698
0.6291	345
0.6291	410
0.6291	712
0.6292	457
0.6293	979
0.6294	351
0.6295	40
0.6295	84
0.6295	664
0.6296	79
0.6297	50
0.6297	758
0.6298	582
0.63	265
0.63	272
0.63	416
0.63	730
0.6301	24
0.6301	35
0.6301	380
0.6302	209
0.6304	851
0.6304	993
0.6305	706
0.6306	74
0.6306	176
0.6306	630
0.6306	827
0.6307	396
0.6307	552
0.6308	595
0.6308	640
0.6308	680
0.6308	756
0.6309	9
0.6309	860
0.631	273
0.631	402
0.631	898
0.6311	808
0.6312	243
0.6313	203
0.6313	206
0.6313	395
0.6313	558
0.6313	707
0.6313	929
0.6314	369
0.6314	736
0.6315	474
0.6316	78
0.6316	93
0.6316	109
0.6317	6
0.6318	347
0.6318	665
0.6319	215
0.6319	266
0.6319	328
0.6319	391
0.632	367
0.6321	16
0.6321	81
0.6321	604
0.6322	97
0.6322	508
0.6322	676
0.6322	988
0.6323	104
0.6323	310
0.6324	34
0.6324	445
0.6324	635
0.6324	705
0.6324	896
0.6325	160
0.6325	260
0.6326	393
0.6327	500
0.6328	354
0.6329	169
0.6329	659
0.633	210
0.633	931
0.6331	56
0.6331	394
0.6332	339
0.6332	377
0.6332	968
0.6333	21
0.6333	435
0.6333	591
0.6333	658
0.6334	28
0.6334	487
0.6334	594
0.6334	917
0.6336	618
0.6336	753
0.6337	645
0.6337	838
0.6337	892
0.6339	17
0.6339	22
0.6339	843
0.6339	881
0.634	601
0.634	873
0.6341	877
0.6342	59
0.6342	86
0.6342	96
0.6343	87
0.6343	404
0.6344	467
0.6344	870
0.6345	502
0.6346	213
0.6347	449
0.6348	217
0.6348	997
0.6349	322
0.6349	893
0.6349	936
0.6351	91
0.6351	253
0.6352	335
0.6353	722
0.6353	763
0.6354	372
0.6354	453
0.6354	543
0.6356	52
0.6356	441
0.6357	684
0.6359	580
0.636	25
0.636	94
0.636	196
0.636	781
0.6361	236
0.6361	901
0.6362	201
0.6363	835
0.6363	959
0.6364	51
0.6364	447
0.6364	845
0.6364	939
0.6365	179
0.6366	727
0.6367	460
0.6367	728
0.6368	916
0.6369	199
0.6369	986
0.637	42
0.637	118
0.637	748
0.6371	353
0.6371	422
0.6371	949
0.6372	95
0.6372	720
0.6373	824
0.6374	0
0.6374	54
0.6374	82
0.6374	610
0.6375	18
0.6376	313
0.6376	976
0.6377	307
0.6378	486
0.6379	483
0.6379	804
0.6379	848
0.638	134
0.638	463
0.638	963
0.6381	239
0.6381	456
0.6381	801
0.6382	102
0.6382	270
0.6382	902
0.6383	3
0.6383	507
0.6383	749
0.6383	773
0.6384	19
0.6384	116
0.6385	227
0.6385	368
0.6386	276
0.6387	652
0.6387	729
0.6388	548
0.6388	742
0.6389	27
0.6394	530
0.6394	871
0.6394	946
0.6396	338
0.6396	714
0.6397	284
0.6397	597
0.6397	784
0.6397	907
0.6398	418
0.6398	711
0.6398	971
0.6399	616
0.6399	884
0.64	973
0.6401	110
0.6401	536
0.6402	780
0.6403	5
0.6403	173
0.6403	677
0.6403	861
0.6404	438
0.6404	451
0.6404	491
0.6404	541
0.6404	590
0.6404	787
0.6406	375
0.6408	148
0.6408	180
0.6408	807
0.6409	666
0.6409	899
0.641	60
0.641	83
0.6411	48
0.6411	170
0.6411	293
0.6411	660
0.6412	71
0.6412	419
0.6412	634
0.6413	26
0.6413	842
0.6414	85
0.6414	123
0.6414	251
0.6415	20
0.6415	767
0.6415	886
0.6416	912
0.6417	361
0.6418	472
0.6418	501
0.6419	562
0.6419	719
0.6421	822
0.6422	673
0.6422	852
0.6422	974
0.6423	464
0.6423	478
0.6424	193
0.6425	235
0.6425	522
0.6426	168
0.6426	247
0.6426	918
0.6427	135
0.6427	145
0.6427	876
0.6429	401
0.6429	743
0.643	504
0.6432	99
0.6433	4
0.6433	174
0.6433	376
0.6433	484
0.6433	796
0.6434	915
0.6437	894
0.644	951
0.6441	79
0.6441	219
0.6441	320
0.6441	497
0.6442	703
0.6442	840
0.6444	21
0.6444	289
0.6444	724
0.6445	40
0.6445	127
0.6445	817
0.6446	702
0.6447	33
0.6447	65
0.6447	202
0.6447	776
0.6449	324
0.6449	569
0.6454	708
0.6454	914
0.6455	109
0.6455	520
0.6456	308
0.6457	257
0.6458	400
0.6458	565
0.6459	140
0.6459	381
0.6459	596
0.646	538
0.6462	475
0.6463	126
0.6463	581
0.6463	806
0.6464	709
0.6465	571
0.6466	923
0.6467	30
0.6467	265
0.6468	46
0.6469	366
0.647	24
0.647	106
0.647	362
0.647	591
0.647	593
0.647	752
0.6471	403
0.6471	505
0.6471	733
0.6472	262
0.6472	267
0.6472	490
0.6472	613
0.6473	348
0.6474	567
0.6476	370
0.6477	574
0.6477	648
0.6478	198
0.6478	555
0.6478	563
0.6478	965
0.6481	993
0.6483	142
0.6483	488
0.6484	32
0.6484	37
0.6484	712
0.6485	248
0.6485	318
0.6486	98
0.6489	278
0.649	88
0.649	461
0.649	614
0.649	860
0.6491	255
0.6493	672
0.6497	635
0.6497	778
0.6498	28
0.6498	50
0.6498	139
0.6498	194
0.6498	203
0.6499	605
0.65	220
0.65	730
0.65	903
0.6501	288
0.6501	968
0.6502	448
0.6503	292
0.6503	681
0.6503	756
0.6504	153
0.6506	2
0.6506	264
0.6506	416
0.6507	152
0.6507	570
0.6507	671
0.6508	89
0.6508	847
0.6509	970
0.651	579
0.651	794
0.651	950
0.6511	736
0.6512	97
0.6512	380
0.6512	872
0.6512	994
0.6513	81
0.6513	252
0.6513	430
0.6513	518
0.6514	143
0.6514	572
0.6514	658
0.6514	809
0.6514	906
0.6517	350
0.6517	539
0.6517	551
0.6519	73
0.6519	826
0.652	349
0.652	619
0.6522	49
0.6523	95
0.6523	650
0.6523	674
0.6523	877
0.6524	86
0.6524	223
0.6524	316
0.6524	363
0.6524	731
0.6525	525
0.6525	955
0.6526	77
0.6527	352
0.6527	391
0.6527	458
0.6527	695
0.6528	266
0.6528	307
0.6528	585
0.6529	779
0.653	282
0.653	990
0.6532	9
0.6532	290
0.6532	340
0.6533	58
0.6535	119
0.6535	500
0.6535	774
0.6536	413
0.6536	867
0.6536	917
0.6537	25
0.6537	544
0.6537	793
0.6539	172
0.6539	239
0.6539	781
0.6539	856
0.654	735
0.654	808
0.6541	300
0.6541	844
0.6542	61
0.6543	512
0.6543	984
0.6545	997
0.6546	48
0.6546	705
0.6546	818
0.6546	827
0.6547	864
0.6548	882
0.6548	961
0.6549	93
0.6549	328
0.6549	331
0.6549	523
0.6549	893
0.655	466
0.6551	8
0.6551	242
0.6551	768
0.6552	457
0.6553	52
0.6554	47
0.6554	640
0.6554	851
0.6555	322
0.6556	158
0.6556	279
0.6556	319
0.6556	744
0.6557	18
0.6557	54
0.6557	233
0.6557	547
0.6557	556
0.656	253
0.6561	83
0.6561	314
0.6561	699
0.6562	117
0.6563	21
0.6563	160
0.6564	169
0.6564	177
0.6564	554
0.6565	35
0.6565	176
0.6565	504
0.6565	803
0.6566	428
0.6566	782
0.6566	830
0.6567	883
0.6568	680
0.6569	27
0.6569	478
0.6569	482
0.6569	920
0.6571	228
0.6571	313
0.6572	218
0.6572	491
0.6574	481
0.6574	807
0.6576	191
0.6576	199
0.6576	835
0.6576	845
0.6577	78
0.6577	96
0.6577	347
0.6577	604
0.6578	213
0.6578	384
0.6578	502
0.6578	753
0.6579	104
0.6579	385
0.6579	666
0.658	310
0.6581	890
0.6582	108
0.6584	516
0.6584	665
0.6584	941
0.6585	118
0.6585	582
0.6585	660
0.6585	669
0.6585	802
0.6585	964
0.6586	34
0.6586	137
0.6588	20
0.6588	418
0.6588	747
0.6589	249
0.6589	425
0.6589	552
0.659	79
0.659	345
0.6591	16
0.6592	56
0.6592	925
0.6593	33
0.6593	80
0.6593	215
0.6593	592
0.6593	836
0.6593	927
0.6593	931
0.6594	979
0.6596	128
0.6596	275
0.6596	515
0.6597	74
0.6597	479
0.6598	697
0.6599	878
0.6599	897
0.66	309
0.6601	187
0.6602	401
0.6603	201
0.6603	621
0.6603	918
0.6604	560
0.6607	17
0.6607	723
0.6607	912
0.6608	135
0.6608	887
0.6609	369
0.6609	390
0.661	791
0.6611	76
0.6611	125
0.6611	174
0.6611	759
0.6612	189
0.6612	616
0.6612	792
0.6612	822
0.6612	874
0.6612	884
0.6613	22
0.6613	45
0.6613	407
0.6613	438
0.6614	75
0.6614	685
0.6615	342
0.6616	109
0.6616	590
0.6616	866
0.6617	265
0.6617	930
0.6618	536
0.6619	659
0.662	447
0.662	769
0.6621	276
0.6621	534
0.6621	899
0.6622	85
0.6622	971
0.6623	817
0.6623	932
0.6624	91
0.6625	763
0.6625	929
0.6626	784
0.6627	435
0.6627	471
0.6628	608
0.6628	787
0.6629	446
0.6629	513
0.6629	974
0.663	0
0.663	528
0.663	762
0.663	764
0.663	911
0.6631	393
0.6631	922
0.6632	522
0.6632	548
0.6633	26
0.6633	273
0.6633	289
0.6633	419
0.6633	558
0.6634	71
0.6634	200
0.6634	464
0.6635	82
0.6636	84
0.6636	145
0.6636	722
0.6637	110
0.6637	247
0.6637	694
0.6637	849
0.6638	206
0.6638	707
0.6638	710
0.6638	915
0.6639	591
0.6639	996
0.6642	939
0.6643	339
0.6643	765
0.6643	776
0.6644	421
0.6645	737
0.6645	951
0.6645	982
0.6646	367
0.6646	463
0.6647	40
0.6648	3
0.6649	993
0.6651	244
0.6652	973
0.6653	299
0.6653	672
0.6654	509
0.6655	597
0.6655	630
0.6655	667
0.6656	423
0.6656	521
0.6656	673
0.6657	102
0.6658	397
0.6659	48
0.6661	395
0.6661	892
0.6662	287
0.6662	320
0.6663	24
0.6663	642
0.6663	676
0.6666	514
0.6666	860
0.6668	72
0.6669	399
0.6669	497
0.6669	645
0.667	351
0.6671	465
0.6671	923
0.6672	475
0.6673	940
0.6674	51
0.6674	165
0.6674	483
0.6674	871
0.6675	9
0.6675	284
0.6675	658
0.6675	977
0.6676	409
0.6677	361
0.6679	594
0.6679	758
0.668	99
0.668	370
0.668	829
0.6681	903
0.6681	968
0.6682	25
0.6682	520
0.6683	462
0.6684	123
0.6684	677
0.6685	235
0.6685	472
0.6685	563
0.6686	59
0.6686	848
0.6687	52
0.6688	978
0.6689	635
0.669	607
0.6691	65
0.6691	663
0.6692	237
0.6692	736
0.6693	404
0.6694	192
0.6694	375
0.6695	227
0.6695	391
0.6695	876
0.6698	210
0.6698	372
0.6698	773
0.6699	895
0.6701	812
0.6702	42
0.6702	488
0.6702	576
0.6702	885
0.6703	355
0.6703	807
0.6704	156
0.6706	19
0.6706	28
0.6706	86
0.6706	168
0.6706	229
0.6706	262
0.6706	334
0.6706	875
0.6707	601
0.6707	881
0.6708	243
0.6708	307
0.6708	344
0.6708	525
0.6708	917
0.6709	518
0.671	50
0.6711	143
0.6712	98
0.6712	486
0.6712	709
0.6712	984
0.6713	453
0.6713	727
0.6714	239
0.6714	411
0.6715	535
0.6715	712
0.6715	839
0.6716	97
0.6716	417
0.6717	827
0.6717	870
0.6718	585
0.6719	416
0.672	313
0.6721	451
0.6722	4
0.6722	365
0.6722	733
0.6723	364
0.6724	491
0.6725	89
0.6725	203
0.6725	618
0.6725	706
0.6726	674
0.6727	30
0.6727	403
0.6727	748
0.6728	755
0.6728	843
0.673	255
0.673	366
0.6731	180
0.6731	650
0.6732	394
0.6732	742
0.6733	584
0.6733	743
0.6733	986
0.6734	780
0.6735	328
0.6735	747
0.6736	298
0.6736	445
0.6736	840
0.6737	530
0.6738	804
0.6739	282
0.6739	478
0.674	33
0.674	109
0.6741	196
0.6742	504
0.6743	160
0.6743	267
0.6743	292
0.6743	473
0.6744	18
0.6744	487
0.6744	965
0.6745	338
0.6746	2
0.6746	134
0.6747	116
0.6747	186
0.6748	87
0.6748	543
0.675	95
0.675	756
0.675	844
0.6751	538
0.6752	21
0.6752	106
0.6752	182
0.6752	458
0.6753	349
0.6754	176
0.6754	835
0.6755	32
0.6756	633
0.6757	656
0.6757	806
0.6758	502
0.6759	46
0.6759	477
0.676	57
0.676	680
0.6761	137
0.6762	551
0.6764	508
0.6765	265
0.6766	54
0.6769	616
0.677	79
0.677	81
0.677	485
0.677	726
0.6771	20
0.6771	774
0.6771	970
0.6772	506
0.6772	824
0.6772	847
0.6773	94
0.6773	723
0.6774	380
0.6774	581
0.6775	381
0.6775	441
0.6775	705
0.6775	808
0.6776	35
0.6776	103
0.6777	401
0.6777	571
0.6778	5
0.6779	113
0.6779	660
0.6779	682
0.6781	61
0.6781	318
0.6781	552
0.6782	570
0.6783	60
0.6783	248
0.6783	310
0.6783	634
0.6783	662
0.6785	665
0.6786	659
0.6787	536
0.6787	929
0.6789	77
0.6789	555
0.679	108
0.679	174
0.679	324
0.679	914
0.6791	279
0.6791	698
0.6792	74
0.6792	85
0.6792	850
0.6793	565
0.6794	135
0.6794	894
0.6795	104
0.6795	654
0.6796	582
0.6797	152
0.6797	400
0.6797	884
0.6798	181
0.6798	873
0.6798	963
0.6799	730
0.68	886
0.6801	91
0.6801	96
0.6801	353
0.6802	749
0.6803	48
0.6803	259
0.6803	362
0.6803	591
0.6803	822
0.6803	955
0.6804	347
0.6804	959
0.6805	512
0.6805	936
0.6807	896
0.6808	678
0.6808	918
0.6809	169
0.6809	410
0.6809	966
0.681	775
0.6811	159
0.6811	744
0.6812	199
0.6812	993
0.6814	556
0.6815	26
0.6816	49
0.6816	278
0.6816	322
0.6816	360
0.6816	500
0.6816	912
0.6817	3
0.6818	17
0.6818	221
0.6818	964
0.6819	548
0.6819	967
0.6821	52
0.6821	336
0.6822	642
0.6822	695
0.6822	794
0.6822	923
0.6823	37
0.6823	408
0.6823	856
0.6826	119
0.6826	484
0.6827	731
0.6827	845
0.6828	193
0.6828	194
0.6828	851
0.6829	490
0.6829	781
0.6829	817
0.683	270
0.683	314
0.683	593
0.6831	921
0.6832	202
0.6832	776
0.6833	810
0.6834	316
0.6834	438
0.6834	920
0.6835	93
0.6835	997
0.6836	699
0.6837	22
0.6837	915
0.6838	893
0.6839	56
0.6839	376
0.6839	384
0.6839	619
0.6839	766
0.684	580
0.6841	949
0.6842	369
0.6843	253
0.6843	626
0.6843	950
0.6844	16
0.6844	118
0.6844	307
0.6844	796
0.6844	961
0.6845	126
0.6845	457
0.6845	939
0.6846	793
0.6846	826
0.6846	924
0.6847	447
0.6848	735
0.6849	345
0.6849	931
0.685	475
0.685	750
0.6851	25
0.6851	987
0.6852	830
0.6854	55
0.6854	558
0.6854	787
0.6855	71
0.6855	753
0.6856	0
0.6856	14
0.6856	185
0.6858	464
0.6859	197
0.6859	448
0.6859	658
0.6859	838
0.6861	807
0.6861	953
0.6862	635
0.6862	666
0.6864	24
0.6867	170
0.6867	882
0.6868	391
0.6868	526
0.6869	13
0.6869	88
0.6872	206
0.6872	220
0.6872	319
0.6872	768
0.6873	86
0.6873	481
0.6873	990
0.6874	239
0.6874	273
0.6874	387
0.6874	645
0.6874	673
0.6874	901
0.6875	903
0.6877	784
0.6877	979
0.6878	579
0.6879	622
0.688	815
0.688	860
0.6881	289
0.6881	864
0.6882	109
0.6882	872
0.6884	320
0.6884	728
0.6884	827
0.6884	853
0.6885	65
0.6885	971
0.6886	373
0.6886	449
0.6889	491
0.689	215
0.689	313
0.6891	19
0.6892	27
0.6892	101
0.6893	213
0.6895	28
0.6895	40
0.6895	681
0.6897	8
0.6897	201
0.6897	247
0.6898	871
0.69	110
0.6902	33
0.6903	73
0.6903	672
0.6903	736
0.6904	288
0.6904	630
0.6906	34
0.6907	98
0.6907	238
0.6907	522
0.6908	703
0.6909	9
0.6909	78
0.6909	265
0.6909	916
0.691	418
0.691	497
0.6912	142
0.6912	276
0.6912	460
0.6912	463
0.6912	515
0.6915	42
0.6915	79
0.6915	97
0.6915	354
0.6915	483
0.6915	567
0.6915	604
0.6916	563
0.6916	773
0.6918	21
0.6918	331
0.6918	518
0.6918	597
0.6918	740
0.6919	83
0.6919	300
0.692	504
0.6921	466
0.6922	370
0.6922	616
0.6922	677
0.6922	802
0.6922	876
0.6923	973
0.6924	54
0.6924	160
0.6925	45
0.6925	50
0.6925	493
0.6927	48
0.6928	674
0.6932	685
0.6932	778
0.6933	608
0.6933	763
0.6933	818
0.6934	145
0.6934	275
0.6935	227
0.6935	282
0.6935	419
0.6935	435
0.6936	769
0.6936	877
0.6937	20
0.6937	81
0.6937	249
0.6939	210
0.6939	341
0.6939	520
0.6939	833
0.694	46
0.6941	35
0.6941	385
0.6942	328
0.6943	72
0.6943	235
0.6945	452
0.6945	922
0.6945	968
0.6947	372
0.6948	664
0.6948	932
0.6949	18
0.695	143
0.695	488
0.695	899
0.6951	128
0.6951	395
0.6953	505
0.6954	82
0.6954	590
0.6955	722
0.6956	528
0.6957	266
0.6958	416
0.696	889
0.6965	287
0.6965	422
0.6965	509
0.6966	822
0.6966	917
0.6968	340
0.6969	30
0.6969	219
0.6969	404
0.6969	425
0.6969	887
0.6971	99
0.6971	562
0.6971	835
0.6972	852
0.6973	262
0.6973	552
0.6975	458
0.6976	366
0.6976	984
0.6977	75
0.6979	89
0.698	26
0.698	911
0.6981	84
0.6981	135
0.6981	174
0.6981	203
0.6981	642
0.6982	729
0.6982	947
0.6983	339
0.6983	747
0.6984	108
0.6984	179
0.6986	228
0.6986	334
0.6986	974
0.6987	264
0.6988	538
0.6988	993
0.6989	513
0.6989	614
0.699	585
0.6991	180
0.6991	874
0.6992	123
0.6992	125
0.6992	478
0.6992	539
0.6993	918
0.6995	85
0.6996	782
0.6997	176
0.6997	198
0.6997	591
0.6997	946
0.6998	255
0.6998	551
0.6999	881
0.7001	38
0.7001	803
0.7002	912
0.7003	267
0.7003	545
0.7003	709
0.7003	906
0.7004	182
0.7004	749
0.7005	659
0.7005	808
0.7006	365
0.7006	472
0.7006	708
0.7007	148
0.7007	613
0.7007	739
0.7009	233
0.7009	401
0.7009	843
0.701	95
0.7011	776
0.7012	25
0.7012	581
0.7012	844
0.7012	940
0.7014	251
0.7015	109
0.7015	241
0.7016	94
0.7016	430
0.7017	716
0.7018	106
0.7018	394
0.7018	530
0.7019	284
0.7019	473
0.7019	965
0.702	43
0.702	536
0.702	665
0.7021	52
0.7021	351
0.7024	91
0.7024	840
0.7025	309
0.7026	457
0.7026	767
0.7027	555
0.7027	781
0.7028	848
0.7029	428
0.703	368
0.703	791
0.7032	941
0.7033	705
0.7034	48
0.7034	132
0.7034	486
0.7035	380
0.7035	525
0.7036	21
0.7036	217
0.7036	710
0.7036	742
0.7036	895
0.7038	118
0.7039	406
0.7039	605
0.7039	700
0.7039	817
0.704	246
0.7041	116
0.7041	535
0.7042	57
0.7042	200
0.7042	399
0.7043	475
0.7043	807
0.7044	780
0.7045	28
0.7045	607
0.7047	576
0.7048	96
0.7048	126
0.7048	140
0.7048	824
0.7049	471
0.7049	491
0.7049	884
0.7049	923
0.705	484
0.705	620
0.705	658
0.705	744
0.7051	172
0.7051	548
0.7052	711
0.7053	80
0.7053	829
0.7054	104
0.7054	166
0.7054	651
0.7054	756
0.7055	313
0.7057	970
0.7058	556
0.7058	650
0.7058	861
0.7058	903
0.7059	403
0.7059	662
0.706	743
0.706	830
0.7061	59
0.7061	79
0.7061	358
0.7063	310
0.7063	660
0.7064	502
0.7064	842
0.7065	86
0.7065	253
0.7065	764
0.7066	318
0.7067	676
0.7068	667
0.7069	712
0.707	464
0.7072	352
0.7072	804
0.7072	964
0.7073	570
0.7073	950
0.7074	169
0.7074	586
0.7074	955
0.7075	24
0.7075	560
0.7076	98
0.7076	199
0.7076	827
0.7077	33
0.7077	47
0.7077	314
0.7078	521
0.7078	699
0.7079	338
0.708	239
0.7081	2
0.7081	229
0.7081	322
0.7082	796
0.7083	293
0.7083	866
0.7084	27
0.7085	753
0.7085	951
0.7086	361
0.7086	375
0.7086	860
0.7087	540
0.7087	593
0.7088	307
0.7088	349
0.7091	40
0.7091	138
0.7091	336
0.7091	391
0.7091	727
0.7091	856
0.7092	70
0.7092	168
0.7092	347
0.7092	988
0.7094	137
0.7094	569
0.7095	787
0.7096	447
0.7097	97
0.7097	916
0.7097	945
0.7098	290
0.7098	873
0.7099	191
0.7099	247
0.71	237
0.71	273
0.71	495
0.71	504
0.7101	342
0.7102	152
0.7103	22
0.7103	213
0.7103	543
0.7103	674
0.7104	871
0.7105	929
0.7106	594
0.7107	119
0.7107	154
0.7107	186
0.7107	393
0.7107	731
0.7108	445
0.7109	914
0.711	37
0.711	362
0.7111	92
0.7111	865
0.7112	3
0.7112	500
0.7114	806
0.7114	845
0.7114	915
0.7115	18
0.7116	81
0.7116	279
0.7116	952
0.7117	875
0.7117	959
0.7118	0
0.7119	150
0.7121	187
0.7122	407
0.7123	61
0.7123	73
0.7123	206
0.7123	381
0.7124	315
0.7124	597
0.7124	673
0.7124	789
0.7124	836
0.7124	847
0.7124	898
0.7125	892
0.7128	265
0.7129	986
0.713	282
0.713	616
0.713	748
0.713	759
0.7131	134
0.7131	193
0.7131	413
0.7132	451
0.7132	666
0.7132	680
0.7132	736
0.7133	400
0.7133	463
0.7133	582
0.7133	872
0.7134	268
0.7134	707
0.7134	968
0.7135	50
0.7135	145
0.7136	518
0.7136	931
0.7138	839
0.7138	857
0.7139	877
0.714	364
0.714	590
0.7141	9
0.7141	453
0.7142	102
0.7142	822
0.7143	276
0.7143	636
0.7143	758
0.7143	984
0.7145	635
0.7146	35
0.7146	183
0.7147	20
0.7148	51
0.7148	236
0.7149	21
0.7149	882
0.715	19
0.715	65
0.715	348
0.715	637
0.715	825
0.7151	109
0.7152	42
0.7152	83
0.7152	930
0.7153	320
0.7155	56
0.7155	174
0.7155	384
0.7155	506
0.7155	634
0.7155	826
0.7155	993
0.7156	663
0.7157	483
0.7158	6
0.7158	723
0.7158	792
0.7159	619
0.716	87
0.716	324
0.716	369
0.716	522
0.716	591
0.7161	501
0.7162	345
0.7162	563
0.7162	672
0.7163	93
0.7163	366
0.7163	949
0.7164	971
0.7165	52
0.7165	421
0.7165	695
0.7165	706
0.7166	784
0.7167	733
0.7168	201
0.7168	907
0.7169	85
0.7169	248
0.7169	367
0.7169	438
0.7169	920
0.717	30
0.717	91
0.717	135
0.717	685
0.717	851
0.7171	278
0.7171	289
0.7171	416
0.7173	354
0.7174	71
0.7174	788
0.7175	478
0.7176	888
0.7177	26
0.7177	203
0.7177	823
0.7179	395
0.7179	485
0.718	54
0.718	328
0.718	497
0.7181	610
0.7182	160
0.7182	170
0.7182	779
0.7184	74
0.7184	584
0.7184	835
0.7189	262
0.7189	448
0.7189	773
0.7189	801
0.719	401
0.719	918
0.7191	34
0.7191	197
0.7191	990
0.7192	82
0.7192	997
0.7194	12
0.7194	32
0.7195	592
0.7196	370
0.7196	973
0.7197	4
0.7197	520
0.7197	528
0.7197	735
0.7198	912
0.7199	633
0.7199	922
0.72	894
0.7201	113
0.7202	558
0.7203	579
0.7203	677
0.7203	807
0.7204	125
0.7206	25
0.7206	910
0.7207	108
0.7207	300
0.7207	832
0.7208	31
0.7209	286
0.7212	46
0.7212	458
0.7214	202
0.7215	143
0.7215	508
0.7216	488
0.7217	817
0.7221	48
0.7221	867
0.7222	106
0.7222	117
0.7222	404
0.7222	794
0.7223	28
0.7223	176
0.7224	394
0.7225	101
0.7225	189
0.7225	353
0.7226	491
0.7226	656
0.7226	793
0.7227	75
0.7227	126
0.7227	581
0.7228	525
0.7228	967
0.723	961
0.7231	194
0.7232	684
0.7232	987
0.7233	781
0.7235	482
0.7235	574
0.7235	749
0.7236	614
0.7239	372
0.7239	449
0.724	410
0.724	507
0.724	534
0.724	551
0.7241	307
0.7242	86
0.7243	659
0.7244	722
0.7245	45
0.7245	376
0.7245	939
0.7246	658
0.7246	774
0.7247	329
0.7247	548
0.7247	640
0.7248	288
0.7249	275
0.725	79
0.7251	536
0.7251	739
0.7252	33
0.7252	667
0.7253	319
0.7253	660
0.7253	808
0.7254	481
0.7255	227
0.7255	776
0.7256	249
0.7256	479
0.7256	504
0.7256	623
0.7256	900
0.7256	917
0.7257	347
0.7257	547
0.7258	523
0.7259	292
0.7259	827
0.726	419
0.726	427
0.726	884
0.7261	116
0.7263	123
0.7263	243
0.7264	462
0.7266	5
0.7266	99
0.7266	390
0.7266	744
0.7267	418
0.7267	728
0.7269	441
0.7269	903
0.727	215
0.7271	9
0.7271	98
0.7271	473
0.7271	519
0.7272	219
0.7272	844
0.7273	2
0.7273	430
0.7273	766
0.7273	923
0.7275	645
0.7276	505
0.7277	199
0.7277	220
0.7278	235
0.7278	886
0.7279	763
0.728	18
0.728	502
0.7281	561
0.7282	185
0.7282	490
0.7283	96
0.7283	351
0.7284	81
0.7284	95
0.7284	860
0.7284	878
0.7285	265
0.7285	605
0.7285	608
0.7285	665
0.7285	916
0.7288	870
0.729	251
0.729	475
0.7291	391
0.7292	21
0.7293	109
0.7294	705
0.7295	89
0.7295	255
0.7295	344
0.7295	890
0.7296	287
0.7298	24
0.7298	812
0.7299	380
0.7299	560
0.73	267
0.7302	322
0.7302	915
0.7303	751
0.7304	198
0.7304	464
0.7304	769
0.7305	110
0.7306	27
0.7306	94
0.7306	968
0.7307	40
0.7308	484
0.7309	806
0.7309	864
0.7309	929
0.731	137
0.731	145
0.7311	571
0.7312	169
0.7312	247
0.7312	648
0.7312	787
0.7313	552
0.7313	616
0.7313	979
0.7314	423
0.7314	472
0.7315	84
0.7315	694
0.7315	843
0.7315	955
0.7315	963
0.7316	299
0.7316	931
0.7317	118
0.7317	415
0.7317	936
0.7318	681
0.732	217
0.732	876
0.732	914
0.7321	80
0.7322	284
0.7322	516
0.7323	596
0.7323	747
0.7323	802
0.7324	350
0.7324	556
0.7324	650
0.7324	950
0.7326	635
0.7326	941
0.7327	965
0.7328	486
0.7328	947
0.7329	593
0.7329	964
0.733	8
0.733	213
0.733	216
0.733	697
0.7331	266
0.7331	422
0.7331	457
0.7332	515
0.7334	50
0.7334	509
0.7334	669
0.7335	52
0.7335	233
0.7335	951
0.7336	182
0.7337	397
0.7338	3
0.7338	206
0.7338	239
0.7339	339
0.734	709
0.7341	77
0.7342	893
0.7343	174
0.7343	570
0.7344	911
0.7345	455
0.7346	298
0.7348	276
0.7349	76
0.7349	487
0.735	156
0.735	730
0.735	845
0.7351	310
0.7352	14
0.7352	19
0.7352	466
0.7352	604
0.7353	416
0.7353	714
0.7354	313
0.7354	674
0.7354	762
0.7355	64
0.7355	140
0.7355	756
0.7356	85
0.7356	318
0.7356	712
0.7357	666
0.7358	87
0.7358	874
0.7359	54
0.7359	680
0.7359	986
0.736	522
0.7361	0
0.7361	65
0.7361	895
0.7362	439
0.7363	401
0.7363	447
0.7364	30
0.7364	71
0.7365	142
0.7365	591
0.7366	187
0.7366	602
0.7366	822
0.7367	26
0.7367	48
0.7367	373
0.7368	83
0.7368	340
0.7368	384
0.737	361
0.737	750
0.7373	228
0.7374	320
0.7375	56
0.7375	244
0.7375	463
0.7376	580
0.7376	807
0.7377	448
0.7377	618
0.7377	685
0.7378	46
0.7378	279
0.7379	176
0.7379	513
0.7381	435
0.7381	918
0.7382	562
0.7382	726
0.7385	791
0.7386	78
0.7386	349
0.7387	60
0.7387	316
0.7387	440
0.7387	585
0.7388	270
0.7389	354
0.7389	403
0.7389	491
0.7389	512
0.7389	642
0.7389	894
0.739	308
0.7391	497
0.7393	673
0.7393	984
0.7393	993
0.7395	282
0.7395	337
0.7395	467
0.7395	480
0.7395	753
0.7395	835
0.7396	79
0.7396	203
0.7397	25
0.7397	135
0.7397	253
0.7397	307
0.7397	881
0.7398	264
0.7399	160
0.7399	518
0.7399	946
0.74	73
0.74	148
0.74	607
0.74	897
0.7402	28
0.7402	912
0.7403	51
0.7403	260
0.7403	742
0.7405	729
0.7405	746
0.7405	768
0.7406	107
0.7406	597
0.7407	664
0.7407	784
0.7408	106
0.7408	590
0.7408	672
0.7409	104
0.7409	817
0.7409	852
0.7411	33
0.7412	824
0.7415	20
0.7415	273
0.7415	899
0.7415	973
0.7416	97
0.7416	847
0.7417	109
0.7417	514
0.7417	558
0.7417	982
0.7419	470
0.7419	720
0.7419	871
0.7421	362
0.7421	453
0.7422	37
0.7422	399
0.7422	658
0.7422	764
0.7423	32
0.7423	471
0.7423	504
0.7424	108
0.7425	21
0.7425	782
0.7425	866
0.7426	737
0.7426	773
0.7427	536
0.7427	634
0.7427	781
0.7428	90
0.7428	229
0.7428	478
0.7429	196
0.743	257
0.743	366
0.7431	125
0.7431	262
0.7431	465
0.7432	49
0.7432	328
0.7432	460
0.7433	201
0.7433	576
0.7434	22
0.7434	374
0.7434	887
0.7434	953
0.7435	167
0.7435	391
0.7435	676
0.7437	138
0.7437	445
0.7437	568
0.7437	827
0.7438	367
0.7438	381
0.7438	438
0.7438	541
0.7439	700
0.7439	842
0.744	34
0.744	86
0.744	95
0.744	446
0.744	695
0.744	778
0.7441	35
0.7441	581
0.7442	98
0.7442	199
0.7442	940
0.7443	848
0.7444	102
0.7445	74
0.7445	538
0.7445	699
0.7446	722
0.7447	252
0.7447	370
0.7448	143
0.7448	289
0.7448	385
0.7449	93
0.7449	530
0.7449	625
0.7451	736
0.7452	18
0.7452	473
0.7452	924
0.7454	248
0.7454	452
0.7455	126
0.7456	970
0.7457	456
0.7457	776
0.7458	922
0.7459	24
0.7459	716
0.7459	916
0.7459	990
0.746	334
0.746	708
0.7461	369
0.7461	477
0.7461	808
0.7463	375
0.7463	851
0.7465	186
0.7465	363
0.7465	543
0.7466	537
0.7467	677
0.7467	903
0.7469	59
0.7469	81
0.7469	265
0.7469	409
0.7469	545
0.747	72
0.747	408
0.747	660
0.7471	55
0.7471	406
0.7471	502
0.7471	949
0.7472	193
0.7472	831
0.7473	242
0.7473	875
0.7474	116
0.7474	520
0.7477	275
0.7477	428
0.7478	619
0.7478	780
0.7479	17
0.7479	765
0.748	458
0.7481	57
0.7481	760
0.7481	856
0.7482	706
0.7482	826
0.7482	860
0.7483	9
0.7483	474
0.7483	659
0.7484	48
0.7484	192
0.7485	451
0.7485	593
0.7488	52
0.7489	42
0.7489	727
0.749	6
0.749	239
0.749	551
0.7491	335
0.7491	705
0.7491	793
0.7494	548
0.7494	616
0.7495	61
0.7495	521
0.7495	920
0.7496	96
0.7496	194
0.7497	99
0.7497	290
0.7498	479
0.7499	923
0.7499	971
0.75	82
0.75	898
0.7501	815
0.7502	395
0.7502	547
0.7503	246
0.7503	475
0.7503	917
0.7503	929
0.7504	743
0.7504	829
0.7505	237
0.7505	723
0.7506	122
0.7506	488
0.7506	997
0.7507	91
0.7508	380
0.7508	495
0.7509	464
0.751	789
0.7512	168
0.7513	251
0.7513	400
0.7513	535
0.7513	579
0.7513	775
0.7514	394
0.7514	612
0.7514	635
0.7516	36
0.7516	281
0.7516	582
0.7516	876
0.7517	137
0.7517	872
0.7517	915
0.7518	525
0.7518	740
0.7518	877
0.7518	985
0.7519	89
0.7519	117
0.7519	552
0.7519	882
0.752	65
0.752	650
0.7521	40
0.7521	640
0.7521	806
0.7521	978
0.7522	500
0.7522	594
0.7523	733
0.7523	756
0.7523	977
0.7524	461
0.7525	662
0.7525	744
0.7526	26
0.7526	247
0.7526	483
0.7526	563
0.7526	651
0.7527	3
0.7527	372
0.7527	584
0.7528	674
0.7528	838
0.7529	491
0.7529	528
0.7529	930
0.753	0
0.753	2
0.753	12
0.753	111
0.753	787
0.753	822
0.7531	153
0.7531	857
0.7531	896
0.7532	314
0.7532	490
0.7532	712
0.7533	215
0.7533	256
0.7533	526
0.7533	832
0.7533	902
0.7534	64
0.7534	119
0.7534	425
0.7534	772
0.7535	210
0.7535	484
0.7535	614
0.7535	807
0.7536	37
0.7536	152
0.7536	267
0.7536	665
0.7537	173
0.7537	181
0.7538	101
0.7539	401
0.7539	836
0.754	54
0.7542	959
0.7543	25
0.7545	213
0.7545	364
0.7545	839
0.7546	169
0.7546	249
0.7546	410
0.7546	418
0.7546	968
0.7547	159
0.7547	293
0.7547	565
0.7549	46
0.755	109
0.7551	21
0.7551	176
0.7551	292
0.7551	345
0.7552	172
0.7552	758
0.7552	993
0.7553	347
0.7553	447
0.7553	796
0.7553	964
0.7554	404
0.7554	591
0.7555	28
0.7555	33
0.7555	522
0.7556	613
0.7556	763
0.7557	845
0.7558	327
0.7558	585
0.7558	666
0.7558	932
0.7559	255
0.7559	569
0.756	4
0.756	135
0.756	174
0.756	422
0.7561	160
0.7561	313
0.7562	219
0.7562	279
0.7562	472
0.7563	449
0.7563	731
0.7564	11
0.7564	118
0.7564	180
0.7564	515
0.7564	844
0.7565	15
0.7565	50
0.7565	166
0.7565	227
0.7566	97
0.7566	197
0.7566	390
0.7566	481
0.7567	419
0.7567	735
0.7567	955
0.7568	626
0.757	309
0.757	951
0.757	979
0.7571	85
0.7571	605
0.7571	918
0.7572	310
0.7572	333
0.7572	466
0.7572	804
0.7573	235
0.7573	322
0.7573	572
0.7573	830
0.7573	885
0.7574	20
0.7574	884
0.7574	931
0.7575	835
0.7576	840
0.7577	707
0.7578	84
0.7578	94
0.7578	393
0.7578	925
0.758	79
0.758	287
0.7581	965
0.7582	276
0.7582	759
0.7583	967
0.7584	8
0.7584	864
0.7586	75
0.7587	110
0.7588	86
0.7588	220
0.7588	463
0.7588	518
0.7589	206
0.7589	320
0.7589	871
0.759	597
0.7591	324
0.7591	478
0.7591	672
0.7591	801
0.7592	123
0.7592	620
0.7593	673
0.7593	894
0.7594	376
0.7594	536
0.7594	817
0.7594	944
0.7595	339
0.7595	984
0.7596	27
0.7596	430
0.7596	504
0.7597	658
0.7597	912
0.7598	497
0.7599	278
0.7601	98
0.7602	201
0.7602	316
0.7602	416
0.7602	467
0.7602	622
0.7603	205
0.7604	19
0.7604	30
0.7604	134
0.7604	391
0.7604	827
0.7604	870
0.7605	792
0.7606	338
0.7606	886
0.7607	818
0.7607	987
0.7609	684
0.7609	781
0.761	77
0.761	185
0.761	253
0.761	365
0.7611	300
0.7611	753
0.7612	282
0.7612	284
0.7612	307
0.7613	288
0.7613	349
0.7613	681
0.7614	81
0.7614	950
0.7615	145
0.7615	203
0.7615	265
0.7617	9
0.7617	457
0.7619	199
0.7619	767
0.7622	104
0.7622	318
0.7622	331
0.7622	773
0.7622	911
0.7623	936
0.7623	947
0.7624	266
0.7624	694
0.7625	108
0.7625	299
0.7626	581
0.7627	41
0.7627	48
0.763	18
0.763	56
0.7631	508
0.7631	560
0.7631	843
0.7632	113
0.7632	709
0.7632	976
0.7633	610
0.7633	939
0.7635	103
0.7636	34
0.7636	328
0.7636	505
0.7636	509
0.7636	538
0.7637	191
0.7638	370
0.7638	923
0.7638	994
0.764	382
0.764	435
0.7641	341
0.7641	475
0.7641	802
0.7643	88
0.7644	616
0.7645	38
0.7645	487
0.7646	273
0.7646	867
0.7647	239
0.7648	833
0.7649	421
0.7649	438
0.7649	685
0.7649	749
0.7649	784
0.765	366
0.765	448
0.765	637
0.7651	52
0.7652	106
0.7652	202
0.7652	555
0.7653	148
0.7653	742
0.7655	556
0.7655	776
0.7655	893
0.7655	917
0.7656	736
0.7657	764
0.7658	808
0.7658	973
0.7659	264
0.766	695
0.7661	351
0.7663	660
0.7665	623
0.7665	659
0.7666	24
0.7667	748
0.7669	974
0.767	95
0.767	442
0.7671	895
0.7672	520
0.7673	35
0.7673	87
0.7674	441
0.7674	485
0.7674	570
0.7675	126
0.7675	217
0.7675	354
0.7675	401
0.7675	635
0.7676	143
0.7677	607
0.7677	876
0.7678	91
0.7678	663
0.7678	722
0.7678	856
0.768	464
0.768	860
0.7682	40
0.7682	237
0.7683	137
0.7683	824
0.7684	109
0.7684	677
0.7685	45
0.7685	385
0.7685	590
0.7685	791
0.7685	945
0.7687	900
0.7688	774
0.7689	903
0.769	592
0.7691	54
0.7691	491
0.7691	807
0.7692	21
0.7692	156
0.7692	362
0.7692	901
0.7693	5
0.7693	562
0.7693	848
0.7694	502
0.7696	823
0.7697	407
0.7697	473
0.7698	275
0.7698	747
0.7698	915
0.7699	360
0.7699	374
0.77	384
0.77	458
0.7701	71
0.7701	552
0.7702	83
0.7702	183
0.7702	921
0.7703	352
0.7704	619
0.7704	674
0.7704	851
0.7704	970
0.7705	847
0.7706	676
0.7706	993
0.7707	591
0.7707	705
0.7708	174
0.7708	728
0.7709	373
0.7711	79
0.7711	514
0.7711	601
0.7712	25
0.7712	262
0.7712	822
0.7713	525
0.7714	165
0.7714	399
0.7715	128
0.7715	182
0.7716	93
0.7716	513
0.7717	3
0.7718	814
0.772	118
0.772	179
0.772	608
0.772	746
0.772	780
0.7721	334
0.7721	916
0.7722	33
0.7722	74
0.7722	488
0.7723	665
0.7724	418
0.7724	787
0.7724	909
0.7726	16
0.7726	551
0.7726	756
0.7727	630
0.7728	96
0.7729	0
0.7729	558
0.7729	604
0.7731	194
0.7731	955
0.7733	47
0.7733	200
0.7736	48
0.7736	233
0.7736	850
0.7737	73
0.7737	85
0.7738	13
0.7738	82
0.7738	348
0.7738	381
0.7739	28
0.7739	997
0.774	259
0.774	380
0.774	571
0.7741	198
0.7741	313
0.7741	710
0.7741	745
0.7741	872
0.7742	247
0.7744	319
0.7744	666
0.7745	308
0.7746	658
0.7746	744
0.7747	20
0.7747	46
0.7747	835
0.7748	927
0.7749	26
0.7749	65
0.7749	482
0.7749	869
0.775	594
0.775	912
0.7752	270
0.7752	634
0.7752	871
0.7753	645
0.7753	922
0.7755	344
0.7755	504
0.7755	521
0.7756	135
0.7756	478
0.7756	664
0.7756	712
0.7757	543
0.7757	918
0.7759	961
0.7761	307
0.7761	953
0.7762	22
0.7763	160
0.7763	445
0.7764	50
0.7764	408
0.7764	698
0.7764	817
0.7766	27
0.7767	931
0.7768	484
0.7768	793
0.7769	86
0.7769	138
0.7769	369
0.777	716
0.7771	347
0.7771	914
0.7772	98
0.7772	544
0.7773	699
0.7773	769
0.7774	391
0.7774	402
0.7774	952
0.7776	89
0.7776	466
0.7776	874
0.7778	97
0.7778	597
0.7779	906
0.778	951
0.7781	968
0.7782	654
0.7783	397
0.7783	796
0.7784	14
0.7784	907
0.7785	169
0.7785	416
0.7785	809
0.7786	215
0.7789	929
0.779	417
0.779	642
0.7791	19
0.7791	298
0.7791	534
0.7791	598
0.7792	743
0.7793	320
0.7793	873
0.7794	522
0.7794	990
0.7795	176
0.7796	44
0.7797	99
0.7797	267
0.7797	737
0.7797	964
0.7798	548
0.78	18
0.78	349
0.78	367
0.78	593
0.7801	314
0.7802	673
0.7804	10
0.7804	203
0.7804	536
0.7804	585
0.7804	662
0.7805	310
0.7806	803
0.7806	920
0.7807	116
0.7807	145
0.7807	221
0.7807	364
0.7808	971
0.7809	42
0.7811	30
0.7812	345
0.7813	8
0.7813	201
0.7813	239
0.7813	255
0.7813	578
0.7813	794
0.7814	52
0.7814	109
0.7814	328
0.7815	563
0.7816	423
0.7817	435
0.7817	475
0.7818	80
0.7818	92
0.7818	894
0.7819	78
0.7819	486
0.7819	812
0.782	248
0.782	375
0.782	616
0.7821	265
0.7821	289
0.7821	472
0.7821	530
0.7824	170
0.7824	773
0.7825	481
0.7825	753
0.7826	37
0.7827	21
0.7827	228
0.7828	119
0.7828	457
0.7828	540
0.7828	845
0.7829	81
0.7829	372
0.783	447
0.783	804
0.7833	32
0.7833	807
0.7834	61
0.7834	117
0.7834	394
0.7836	213
0.7836	350
0.7837	749
0.7839	861
0.7839	877
0.784	884
0.784	949
0.7841	276
0.7842	493
0.7842	650
0.7843	618
0.7843	910
0.7845	779
0.7845	887
0.7847	419
0.7848	766
0.7848	768
0.7848	781
0.7849	860
0.785	40
0.785	122
0.785	552
0.785	556
0.785	776
0.7851	878
0.7852	682
0.7854	560
0.7854	777
0.7854	941
0.7856	9
0.7857	886
0.7858	48
0.7859	193
0.7859	353
0.7859	451
0.7859	582
0.7859	826
0.7859	842
0.7859	866
0.786	903
0.7861	87
0.7862	197
0.7862	545
0.7863	282
0.7864	56
0.7864	591
0.7865	123
0.7865	491
0.7865	648
0.7866	882
0.7867	430
0.7868	911
0.7869	143
0.7869	404
0.7869	659
0.7869	733
0.7869	889
0.787	965
0.7871	79
0.7871	91
0.7871	279
0.7871	680
0.7872	778
0.7873	110
0.7873	292
0.7873	806
0.7874	94
0.7874	152
0.7877	898
0.788	490
0.788	808
0.7881	403
0.7882	51
0.7883	535
0.7883	697
0.7883	772
0.7886	899
0.7887	370
0.7888	35
0.7888	85
0.7889	54
0.7889	340
0.7889	361
0.7889	431
0.7889	463
0.7889	705
0.7891	24
0.7891	244
0.7892	993
0.7893	590
0.7894	33
0.7894	924
0.7896	6
0.7896	25
0.7896	125
0.7896	210
0.7896	235
0.7897	313
0.7897	881
0.7898	251
0.7898	497
0.7898	735
0.7899	844
0.7899	915
0.7899	923
0.79	755
0.7901	702
0.7902	253
0.7902	666
0.7903	300
0.7904	665
0.7905	227
0.7905	722
0.7906	864
0.7908	500
0.7908	635
0.7908	787
0.7909	565
0.7911	427
0.7911	520
0.7911	939
0.7912	135
0.7912	206
0.7912	782
0.7913	59
0.7913	747
0.7914	625
0.7914	893
0.7915	126
0.7915	184
0.7915	512
0.7915	700
0.7915	979
0.7916	784
0.7917	504
0.7917	852
0.7918	262
0.7919	318
0.792	672
0.7921	95
0.7921	96
0.7921	219
0.7921	290
0.7921	366
0.7921	422
0.7921	642
0.7922	660
0.7924	185
0.7924	658
0.7925	376
0.7927	118
0.7927	458
0.7927	917
0.7928	26
0.7928	72
0.7929	5
0.7929	324
0.7929	581
0.7929	709
0.7929	827
0.793	247
0.7931	39
0.7931	483
0.7931	822
0.7931	835
0.7932	101
0.7932	614
0.7934	108
0.7934	685
0.7935	502
0.7935	538
0.7935	764
0.7935	856
0.7936	106
0.7937	28
0.794	892
0.7942	83
0.7942	293
0.7942	464
0.7942	829
0.7943	49
0.7943	86
0.7943	284
0.7943	516
0.7943	984
0.7944	252
0.7944	584
0.7945	644
0.7945	677
0.7945	918
0.7947	751
0.7949	187
0.795	52
0.795	505
0.795	916
0.795	973
0.7951	74
0.7951	288
0.7951	401
0.7951	518
0.7953	978
0.7955	182
0.7955	415
0.7955	637
0.7955	706
0.7956	160
0.7956	243
0.7956	674
0.7957	109
0.7958	249
0.7958	413
0.7959	574
0.796	176
0.796	352
0.7961	763
0.7962	391
0.7963	215
0.7963	739
0.7963	744
0.7964	21
0.7964	82
0.7964	354
0.7964	723
0.7965	438
0.7966	174
0.7967	453
0.7967	596
0.7971	48
0.7971	955
0.7972	487
0.7972	551
0.7972	986
0.7973	50
0.7973	929
0.7974	299
0.7974	824
0.7975	18
0.7975	180
0.7975	351
0.7975	528
0.7975	703
0.7975	988
0.7976	970
0.7978	736
0.798	198
0.7981	76
0.7981	310
0.7981	558
0.7981	967
0.7982	3
0.7982	883
0.7983	870
0.7984	37
0.7984	168
0.7984	322
0.7984	522
0.7984	707
0.7984	791
0.7985	22
0.7985	98
0.7985	509
0.7985	586
0.7986	2
0.7987	65
0.7987	570
0.7988	817
0.7989	137
0.7989	199
0.799	507
0.7992	81
0.7992	207
0.7993	912
0.7993	922
0.7994	220
0.7994	775
0.7995	69
0.7995	441
0.7995	515
0.7995	585
0.7995	851
0.7995	930
0.7996	699
0.7997	84
0.7997	712
0.7999	460
0.7999	968
0.8	140
0.8	241
0.8001	116
0.8001	678
0.8002	379
0.8002	792
0.8003	273
0.8004	316
0.8004	667
0.8006	547
0.8007	20
0.8007	729
0.8008	525
0.8008	567
0.8009	307
0.8009	807
0.801	121
0.801	289
0.8011	0
0.8011	478
0.8012	297
0.8012	416
0.8012	946
0.8013	60
0.8013	320
0.8013	491
0.8014	91
0.8014	380
0.8015	77
0.8015	150
0.8015	479
0.8015	843
0.8017	616
0.8017	634
0.8018	30
0.8019	246
0.802	71
0.802	216
0.8021	484
0.8021	593
0.8022	260
0.8022	287
0.8022	636
0.8023	169
0.8023	399
0.8023	802
0.8024	473
0.8025	652
0.8025	936
0.8025	951
0.8025	987
0.8026	40
0.8026	555
0.8027	275
0.8027	695
0.8027	756
0.8027	847
0.8028	89
0.8028	347
0.8028	572
0.8028	579
0.8028	748
0.8029	971
0.803	445
0.803	514
0.803	619
0.803	871
0.8031	32
0.8031	46
0.8032	255
0.8033	773
0.8034	9
0.8034	740
0.8035	526
0.8036	45
0.8036	85
0.8036	393
0.8037	400
0.8038	650
0.8039	338
0.8041	34
0.8042	480
0.8042	485
0.8043	395
0.8044	384
0.8044	950
0.8046	860
0.8047	104
0.8047	339
0.8047	373
0.8049	265
0.8049	608
0.8051	186
0.8052	974
0.8053	543
0.8053	708
0.8053	724
0.8053	840
0.8053	993
0.8054	27
0.8054	964
0.8055	403
0.8055	731
0.8056	159
0.8057	242
0.8057	328
0.8058	931
0.8059	266
0.8059	541
0.8059	591
0.8059	597
0.806	666
0.806	867
0.8061	857
0.8062	97
0.8063	362
0.8063	536
0.8063	997
0.8064	885
0.8065	680
0.8066	267
0.8067	448
0.8067	475
0.8068	16
0.8068	25
0.8068	915
0.8069	447
0.807	79
0.807	203
0.807	548
0.8071	845
0.8072	780
0.8072	848
0.8072	961
0.8073	201
0.8073	714
0.8073	730
0.8074	349
0.8074	728
0.8075	488
0.8076	506
0.8076	899
0.8077	42
0.8078	4
0.8078	276
0.8078	486
0.8078	914
0.8079	21
0.8079	239
0.8079	959
0.808	228
0.808	372
0.808	410
0.808	823
0.8081	504
0.8081	672
0.8082	367
0.8083	562
0.8083	742
0.8084	890
0.8084	895
0.8085	768
0.8088	375
0.8088	472
0.8088	903
0.8089	17
0.8089	110
0.8089	142
0.809	635
0.8091	556
0.8092	749
0.8092	781
0.8093	681
0.8093	822
0.8094	901
0.8095	33
0.8095	990
0.8096	385
0.8096	471
0.8097	24
0.8097	111
0.8097	278
0.8097	282
0.8098	148
0.8098	673
0.8099	236
0.8099	590
0.81	418
0.81	884
0.8101	109
0.8101	292
0.8101	557
0.8102	78
0.8102	194
0.8102	369
0.8102	401
0.8102	694
0.8102	727
0.8103	844
0.8103	932
0.8104	985
0.8105	145
0.8105	247
0.8105	502
0.8105	753
0.8106	35
0.8106	345
0.8107	52
0.8107	467
0.8107	497
0.8107	743
0.8107	923
0.8109	26
0.8109	331
0.8109	404
0.8109	645
0.811	396
0.8111	571
0.8112	94
0.8112	911
0.8113	350
0.8113	808
0.8115	368
0.8115	513
0.8116	135
0.8116	613
0.8117	61
0.8117	99
0.8117	827
0.8117	876
0.8118	8
0.8118	806
0.8118	887
0.8119	660
0.8121	457
0.8121	658
0.8121	705
0.8122	28
0.8122	539
0.8123	143
0.8123	176
0.8123	594
0.8123	721
0.8124	518
0.8124	965
0.8125	776
0.8126	253
0.8126	888
0.8127	95
0.8127	423
0.8127	552
0.8128	54
0.8128	391
0.813	979
0.8131	319
0.8132	381
0.8132	451
0.8132	604
0.8134	83
0.8135	449
0.8135	835
0.8136	466
0.8136	563
0.8137	47
0.8137	906
0.8138	370
0.8139	19
0.8139	262
0.8139	394
0.814	123
0.814	787
0.8141	106
0.8142	31
0.8143	73
0.8144	86
0.8144	878
0.8145	48
0.8145	56
0.8145	830
0.8146	18
0.8146	108
0.8147	237
0.8147	303
0.8147	406
0.8147	481
0.8147	733
0.8148	464
0.8148	918
0.8149	520
0.8149	633
0.8149	726
0.815	340
0.8151	508
0.8152	463
0.8152	817
0.8152	941
0.8155	774
0.8156	156
0.8157	107
0.8158	580
0.8158	621
0.8159	132
0.816	593
0.816	977
0.8161	174
0.8161	665
0.8161	709
0.8161	894
0.8163	80
0.8164	72
0.8164	160
0.8164	264
0.8164	313
0.8164	478
0.8164	685
0.8164	877
0.8165	51
0.8165	300
0.8165	968
0.8166	233
0.8167	57
0.8167	949
0.8168	307
0.8168	917
0.8169	779
0.8171	314
0.8171	807
0.8172	659
0.8173	428
0.8173	576
0.8173	826
0.8175	358
0.8175	581
0.8175	582
0.8175	815
0.8176	3
0.8176	91
0.8176	279
0.8177	202
0.8177	310
0.8178	521
0.8178	736
0.8178	763
0.8179	96
0.8179	596
0.8179	940
0.818	93
0.818	134
0.818	784
0.8181	200
0.8181	390
0.8182	248
0.8182	912
0.8183	217
0.8183	605
0.8184	618
0.8184	842
0.8186	50
0.8186	712
0.8187	98
0.8187	221
0.8188	81
0.8188	85
0.8188	446
0.8188	824
0.8189	408
0.819	334
0.819	752
0.8191	501
0.8191	662
0.8192	40
0.8193	874
0.8193	916
0.8195	152
0.8195	530
0.8196	664
0.8196	973
0.8197	616
0.8198	458
0.8199	213
0.82	21
0.82	491
0.82	866
0.82	920
0.82	984
0.8201	215
0.8202	875
0.8204	318
0.8204	322
0.8204	669
0.8206	558
0.8206	939
0.8207	104
0.8207	199
0.8207	341
0.8207	927
0.8208	948
0.821	640
0.8211	2
0.8211	630
0.8211	993
0.8213	79
0.8214	102
0.8214	206
0.8214	650
0.8216	438
0.8217	229
0.8217	747
0.8217	893
0.8218	180
0.8218	482
0.8219	477
0.8219	500
0.822	235
0.822	793
0.8221	929
0.8222	20
0.8222	871
0.8222	873
0.8223	125
0.8224	505
0.8224	695
0.8225	430
0.8225	804
0.8227	674
0.8228	82
0.8228	239
0.8228	416
0.8228	955
0.8229	75
0.8229	165
0.8229	170
0.823	127
0.823	265
0.8231	33
0.8231	87
0.8231	273
0.8231	666
0.8232	9
0.8232	861
0.8233	535
0.8234	27
0.8234	109
0.8234	525
0.8234	634
0.8234	676
0.8234	677
0.8236	380
0.8237	30
0.8237	860
0.8238	536
0.8238	591
0.8239	462
0.824	25
0.824	71
0.824	227
0.824	473
0.8241	744
0.8242	439
0.8242	756
0.8243	720
0.8243	886
0.8244	320
0.8244	504
0.8245	499
0.8245	963
0.8246	24
0.8246	77
0.8246	113
0.8246	495
0.8247	0
0.8247	6
0.8248	722
0.8249	48
0.8249	116
0.8249	915
0.825	746
0.8251	951
0.8252	475
0.8252	560
0.8252	663
0.8252	970
0.8254	181
0.8255	882
0.8256	328
0.8256	829
0.8257	140
0.8258	203
0.8258	548
0.826	46
0.826	570
0.8261	176
0.8261	270
0.8261	735
0.8263	118
0.8264	522
0.8264	538
0.8265	119
0.8265	193
0.8265	551
0.8266	243
0.8267	182
0.8267	836
0.8268	961
0.8269	366
0.8269	597
0.827	58
0.827	219
0.827	592
0.827	769
0.827	971
0.8271	59
0.8271	344
0.8272	191
0.8273	65
0.8275	401
0.8276	169
0.8276	897
0.8277	347
0.8277	635
0.8278	658
0.828	158
0.828	201
0.828	284
0.828	699
0.828	923
0.8281	853
0.8281	903
0.8282	97
0.8282	782
0.8282	838
0.8284	922
0.8285	49
0.8285	490
0.8285	964
0.8286	44
0.8286	453
0.8289	395
0.829	220
0.829	672
0.8291	52
0.8291	276
0.8292	266
0.8292	502
0.8293	26
0.8293	528
0.8294	145
0.8294	308
0.8294	845
0.8296	5
0.8296	950
0.8297	192
0.8297	282
0.8298	336
0.8298	620
0.8298	827
0.8299	19
0.8299	22
0.8299	64
0.8299	831
0.83	267
0.83	309
0.8301	86
0.8301	342
0.8301	419
0.8301	839
0.8302	88
0.8302	447
0.8304	292
0.8304	391
0.8304	791
0.8305	89
0.8305	604
0.8305	864
0.8305	937
0.8306	42
0.8306	843
0.8307	137
0.831	642
0.831	667
0.831	728
0.831	758
0.8311	483
0.8312	910
0.8313	54
0.8313	126
0.8313	759
0.8313	881
0.8314	251
0.8315	822
0.8316	534
0.8316	918
0.8317	487
0.8317	835
0.8318	228
0.8318	247
0.8318	947
0.8319	253
0.8319	527
0.8319	776
0.832	385
0.832	673
0.8321	35
0.8321	307
0.8321	545
0.8321	847
0.8321	865
0.8323	367
0.8323	509
0.8323	990
0.8324	351
0.8325	807
0.8325	900
0.8326	37
0.8326	372
0.8326	710
0.8327	141
0.8327	660
0.8328	478
0.8329	705
0.8331	579
0.8331	986
0.8332	135
0.8332	515
0.8332	848
0.8333	796
0.8333	808
0.8333	917
0.8333	931
0.8335	255
0.8335	275
0.8335	435
0.8336	18
0.8336	953
0.8337	197
0.8337	460
0.8338	21
0.8338	422
0.8339	99
0.8339	817
0.834	463
0.8341	373
0.8343	53
0.8343	139
0.8343	707
0.8344	313
0.8344	364
0.8345	665
0.8346	384
0.8346	445
0.8346	578
0.8347	45
0.8348	279
0.8348	787
0.8349	700
0.835	369
0.835	907
0.8351	32
0.8351	310
0.8352	448
0.8353	403
0.8353	645
0.8353	997
0.8354	194
0.8354	497
0.8354	844
0.8355	109
0.8355	143
0.8355	349
0.8356	95
0.8357	168
0.8357	353
0.8357	363
0.8359	81
0.8359	418
0.836	484
0.836	659
0.8361	108
0.8361	884
0.8362	91
0.8362	555
0.8363	324
0.8363	491
0.8363	616
0.8365	185
0.8366	370
0.8366	404
0.8367	465
0.8367	590
0.8368	28
0.8368	90
0.8368	361
0.8369	812
0.837	488
0.8371	289
0.8372	607
0.8372	736
0.8372	737
0.8372	753
0.8372	773
0.8372	856
0.8374	916
0.8375	993
0.8376	106
0.8376	780
0.8378	174
0.8379	825
0.838	585
0.8381	781
0.8382	84
0.8382	466
0.8382	984
0.8383	33
0.8383	288
0.8383	552
0.8384	56
0.8384	912
0.8384	968
0.8385	48
0.8385	166
0.8385	565
0.8385	685
0.8385	706
0.8386	9
0.8386	50
0.8386	486
0.8388	262
0.8389	464
0.8389	802
0.839	877
0.8391	24
0.8391	556
0.8391	626
0.8392	125
0.8392	512
0.8393	249
0.8393	265
0.8393	965
0.8394	14
0.8394	74
0.8394	543
0.8395	724
0.8396	778
0.8397	425
0.8398	20
0.8398	60
0.8398	765
0.8399	213
0.84	79
0.84	210
0.8402	876
0.8404	96
0.8404	98
0.8404	767
0.8406	457
0.8406	516
0.8407	85
0.8407	187
0.8407	520
0.8408	397
0.8408	967
0.8409	94
0.841	34
0.841	407
0.8411	239
0.8412	199
0.8412	472
0.8412	860
0.8413	25
0.8414	537
0.8415	117
0.8415	290
0.8415	293
0.8415	872
0.8416	415
0.8416	729
0.8417	61
0.8417	694
0.8418	160
0.8418	354
0.8418	504
0.842	749
0.8422	2
0.8423	569
0.8423	743
0.8425	242
0.8425	355
0.8425	401
0.8425	530
0.8426	8
0.8426	416
0.8426	518
0.8427	784
0.8428	278
0.8428	473
0.8429	264
0.843	711
0.843	911
0.8431	929
0.8432	75
0.8432	375
0.8432	406
0.8434	481
0.8434	614
0.8436	198
0.8437	30
0.8437	394
0.8437	458
0.8437	492
0.8438	362
0.844	792
0.8441	46
0.8441	52
0.8441	936
0.8442	421
0.8442	581
0.8442	635
0.8442	878
0.8443	400
0.8444	674
0.8444	806
0.8444	867
0.8444	924
0.8445	785
0.8446	40
0.8447	562
0.8447	723
0.8447	750
0.8448	203
0.8448	591
0.8448	793
0.8448	959
0.845	235
0.845	244
0.845	479
0.845	914
0.8451	93
0.8452	731
0.8452	951
0.8453	347
0.8453	716
0.8453	824
0.8455	973
0.8456	110
0.8456	851
0.8461	123
0.8461	712
0.8461	744
0.8461	747
0.8461	810
0.8462	57
0.8462	206
0.8463	102
0.8463	111
0.8463	610
0.8464	536
0.8465	54
0.8467	82
0.8467	316
0.8467	658
0.8467	681
0.8467	894
0.8468	410
0.8469	134
0.8469	334
0.847	528
0.847	584
0.8472	26
0.8472	442
0.8473	287
0.8473	650
0.8473	827
0.8473	923
0.8473	976
0.8474	822
0.8475	118
0.8475	483
0.8475	869
0.8476	86
0.8476	328
0.8476	339
0.8476	563
0.8476	768
0.8477	0
0.8478	169
0.8478	485
0.8478	619
0.8479	19
0.848	51
0.848	941
0.8481	898
0.8481	979
0.8482	391
0.8482	597
0.8482	640
0.8482	764
0.8482	949
0.8483	390
0.8483	522
0.8483	666
0.8484	593
0.8485	380
0.8486	73
0.8487	622
0.8487	722
0.8488	97
0.8488	899
0.8489	170
0.8489	438
0.8489	608
0.849	978
0.8491	248
0.8491	776
0.8492	78
0.8492	318
0.8492	451
0.8492	551
0.8492	807
0.8492	971
0.8493	64
0.8493	300
0.8493	519
0.8493	541
0.8494	730
0.8495	18
0.8495	104
0.8495	475
0.8497	83
0.8497	320
0.8497	829
0.8497	915
0.8498	87
0.8498	660
0.8498	903
0.8499	109
0.8499	126
0.8499	340
0.85	101
0.85	594
0.85	852
0.85	944
0.8501	72
0.8501	80
0.8501	152
0.8501	871
0.8502	282
0.8502	381
0.8502	547
0.8502	832
0.8502	895
0.8503	201
0.8503	766
0.8503	930
0.8504	514
0.8505	135
0.8505	570
0.8506	623
0.8507	107
0.8507	137
0.8507	672
0.8507	742
0.8507	974
0.851	3
0.851	335
0.851	491
0.8513	756
0.8513	918
0.8513	932
0.8514	65
0.8514	763
0.8514	884
0.8515	176
0.8516	183
0.8517	21
0.8517	81
0.8517	182
0.8517	740
0.8518	815
0.8518	833
0.852	37
0.8522	920
0.8522	955
0.8523	196
0.8523	870
0.8525	739
0.8525	931
0.8526	814
0.8528	677
0.8529	48
0.8529	218
0.853	148
0.853	322
0.853	447
0.853	680
0.8531	276
0.8531	494
0.8532	616
0.8533	10
0.8533	237
0.8533	246
0.8534	35
0.8534	842
0.8537	4
0.8537	964
0.8538	572
0.854	116
0.8542	709
0.8542	882
0.8543	79
0.8543	586
0.8543	590
0.8544	286
0.8544	604
0.8545	495
0.8545	727
0.8545	794
0.8545	817
0.8546	5
0.8546	27
0.8546	939
0.8547	265
0.8547	548
0.8547	634
0.8547	835
0.8548	33
0.8548	42
0.8548	352
0.8549	155
0.8549	247
0.8549	441
0.855	508
0.855	521
0.8551	71
0.8551	251
0.8552	28
0.8552	140
0.8552	365
0.8553	430
0.8553	502
0.8553	845
0.8554	558
0.8555	313
0.8556	366
0.8556	673
0.8556	885
0.8558	85
0.8558	267
0.8558	733
0.8558	916
0.8559	467
0.8559	526
0.8559	676
0.856	699
0.856	925
0.8562	255
0.8563	32
0.8563	289
0.8563	310
0.8564	307
0.8564	399
0.8564	662
0.8565	6
0.8565	984
0.8567	89
0.8567	284
0.8567	664
0.8567	887
0.8568	99
0.8568	719
0.8568	970
0.857	92
0.857	98
0.857	376
0.857	909
0.8571	708
0.8571	961
0.8573	143
0.8574	50
0.8574	705
0.8575	20
0.8575	525
0.8576	38
0.8576	215
0.8576	349
0.8576	698
0.8576	917
0.8576	987
0.8577	91
0.8577	787
0.8577	830
0.8577	843
0.8578	239
0.8578	545
0.8579	367
0.8579	866
0.8579	912
0.858	968
0.8581	185
0.8581	818
0.8582	9
0.8582	993
0.8583	401
0.8583	478
0.8585	106
0.8585	500
0.8586	596
0.8587	418
0.8587	464
0.8587	605
0.8587	804
0.8588	753
0.8588	922
0.8589	408
0.8589	488
0.8591	117
0.8591	844
0.8592	145
0.8592	840
0.8592	860
0.8594	659
0.8594	906
0.8595	24
0.8595	413
0.8595	504
0.8596	273
0.8596	338
0.8596	535
0.8597	345
0.8597	350
0.8597	446
0.8598	773
0.8598	983
0.86	180
0.86	826
0.8601	497
0.8601	505
0.8602	16
0.8603	856
0.8604	156
0.8604	174
0.8604	243
0.8606	95
0.8607	220
0.8607	370
0.8607	423
0.8607	435
0.8608	25
0.8609	487
0.861	30
0.861	582
0.8612	781
0.8613	194
0.8614	74
0.8614	217
0.8615	509
0.8616	665
0.8617	364
0.8617	449
0.8617	774
0.8617	910
0.8618	484
0.8619	997
0.862	17
0.862	113
0.862	160
0.862	591
0.8621	872
0.8621	876
0.8622	674
0.8623	21
0.8623	536
0.8624	896
0.8625	347
0.8626	253
0.8626	452
0.8626	560
0.8626	808
0.8627	262
0.8627	518
0.8628	46
0.8628	538
0.8629	416
0.863	445
0.863	873
0.8631	923
0.8632	40
0.8632	52
0.8632	394
0.8633	463
0.8634	119
0.8635	109
0.8635	404
0.8635	419
0.8637	567
0.8639	69
0.8639	618
0.8641	556
0.8641	585
0.8642	45
0.8642	118
0.8642	138
0.8645	279
0.8645	658
0.8646	96
0.8646	613
0.8648	491
0.8648	986
0.8649	26
0.8651	552
0.8651	581
0.8652	292
0.8653	86
0.8654	56
0.8655	684
0.8655	749
0.8656	728
0.8656	836
0.8657	807
0.8658	847
0.866	319
0.866	403
0.866	520
0.8661	372
0.8661	453
0.8661	597
0.8662	0
0.8662	946
0.8663	320
0.8663	391
0.8664	475
0.8664	963
0.8665	448
0.8665	874
0.8665	951
0.8666	18
0.8668	275
0.8668	543
0.8669	137
0.8669	695
0.8669	736
0.867	348
0.867	965
0.8671	354
0.8672	203
0.8673	103
0.8673	893
0.8674	22
0.8674	97
0.8674	458
0.8675	2
0.8675	54
0.8676	592
0.8676	911
0.8677	929
0.8678	881
0.868	666
0.8683	614
0.8683	801
0.8683	806
0.8683	877
0.8684	122
0.8684	784
0.8685	34
0.8685	176
0.8685	472
0.8685	706
0.8685	744
0.8685	953
0.8686	193
0.8686	486
0.8687	202
0.8687	457
0.8687	635
0.8688	290
0.8688	776
0.8689	87
0.8689	637
0.8689	780
0.869	59
0.8691	79
0.8693	563
0.8693	894
0.8694	616
0.8694	955
0.8695	918
0.8697	48
0.8697	228
0.8697	362
0.8698	282
0.87	94
0.87	108
0.8701	135
0.8703	307
0.8703	824
0.8704	351
0.8704	501
0.8704	915
0.8706	126
0.8707	8
0.8707	213
0.8709	83
0.8709	328
0.871	903
0.8711	19
0.8711	380
0.8712	884
0.8713	871
0.8715	177
0.8715	324
0.8716	65
0.8716	85
0.8716	678
0.8717	950
0.8719	822
0.872	369
0.8721	81
0.8721	313
0.8722	548
0.8724	104
0.8725	660
0.8728	206
0.8728	712
0.8728	768
0.8729	645
0.873	361
0.8731	381
0.8735	522
0.8736	233
0.8737	28
0.8737	199
0.8737	227
0.8737	314
0.8739	169
0.8739	709
0.874	3
0.8741	401
0.8741	886
0.8742	33
0.8742	817
0.8742	993
0.8743	288
0.8744	308
0.8744	571
0.8746	9
0.8746	642
0.8748	490
0.8749	334
0.8749	438
0.8749	793
0.8749	835
0.8752	515
0.8752	794
0.8752	967
0.8756	270
0.8757	502
0.8758	339
0.8758	385
0.876	723
0.876	791
0.8761	50
0.8761	731
0.8762	293
0.8762	551
0.8762	677
0.8764	276
0.8764	650
0.8765	197
0.8765	478
0.8765	923
0.8766	84
0.8767	93
0.8767	316
0.8767	402
0.8767	883
0.8768	200
0.8768	247
0.8769	123
0.8769	672
0.8769	722
0.877	300
0.877	769
0.8771	35
0.8771	395
0.8771	555
0.8772	37
0.8772	427
0.8772	931
0.8773	393
0.8773	525
0.8773	590
0.8774	52
0.8777	20
0.8777	407
0.8778	504
0.8778	523
0.8778	591
0.8778	593
0.8778	851
0.8778	973
0.8779	827
0.878	971
0.8781	109
0.8782	239
0.8782	634
0.8782	781
0.8783	373
0.8783	465
0.8784	466
0.8786	21
0.8786	917
0.8787	110
0.8787	789
0.8787	912
0.8788	121
0.8789	78
0.8789	82
0.8789	755
0.879	89
0.879	249
0.879	451
0.879	772
0.8792	930
0.8793	25
0.8793	673
0.8793	756
0.8793	763
0.8794	7
0.8796	447
0.8797	674
0.8798	802
0.8798	890
0.8799	787
0.88	106
0.88	968
0.8801	860
0.8802	384
0.8802	483
0.8803	96
0.8803	265
0.8803	730
0.8803	916
0.8804	491
0.8806	60
0.8807	101
0.8807	143
0.8807	977
0.8809	145
0.8809	861
0.8811	26
0.8811	659
0.8812	959
0.8813	30
0.8813	182
0.8813	481
0.8814	88
0.8814	620
0.8814	707
0.8815	399
0.8816	235
0.8816	558
0.8816	654
0.8817	210
0.8817	422
0.8817	964
0.8818	24
0.8818	318
0.8818	320
0.8818	747
0.8819	264
0.8819	570
0.8819	735
0.8819	807
0.8821	516
0.8822	74
0.8822	685
0.8823	400
0.8823	530
0.8823	732
0.8824	658
0.8825	485
0.8825	743
0.8826	473
0.8827	500
0.8828	518
0.8828	901
0.8828	907
0.883	376
0.8831	705
0.8831	803
0.8832	61
0.8832	363
0.8832	773
0.8833	464
0.8833	922
0.8833	949
0.8835	5
0.8835	119
0.8835	914
0.8836	256
0.8836	289
0.8837	128
0.8837	134
0.8837	497
0.8837	936
0.8838	697
0.8838	857
0.884	160
0.884	180
0.884	267
0.884	870
0.8841	778
0.8842	482
0.8842	979
0.8842	984
0.8843	98
0.8843	273
0.8844	322
0.8852	47
0.8852	418
0.8852	556
0.8852	694
0.8853	174
0.8853	340
0.8854	201
0.8854	808
0.8855	864
0.8855	990
0.8856	27
0.8856	945
0.8857	428
0.8857	748
0.8858	253
0.8858	605
0.8859	16
0.8859	48
0.8859	528
0.886	32
0.886	86
0.886	430
0.8861	581
0.8862	619
0.8862	666
0.8863	176
0.8863	552
0.8865	95
0.8865	562
0.8866	18
0.8866	54
0.8867	940
0.8868	266
0.8868	353
0.8868	751
0.8869	759
0.8871	680
0.8871	809
0.8871	848
0.8872	920
0.8873	219
0.8873	370
0.8873	536
0.8873	838
0.8873	869
0.8873	947
0.8874	349
0.8874	753
0.8875	665
0.8875	700
0.8875	826
0.8876	215
0.8876	255
0.8876	299
0.8876	341
0.8876	997
0.8877	198
0.8877	203
0.8877	372
0.8877	488
0.8877	823
0.8878	987
0.8879	457
0.888	99
0.888	416
0.888	616
0.888	915
0.8881	75
0.8881	681
0.8881	736
0.8881	893
0.8882	65
0.8882	116
0.8882	152
0.8882	597
0.8882	939
0.8883	538
0.8883	635
0.8883	640
0.8884	248
0.8884	448
0.8885	844
0.8887	292
0.8887	699
0.8888	71
0.8888	242
0.8888	391
0.8888	423
0.8888	441
0.8888	974
0.8889	470
0.8889	895
0.889	137
0.8891	259
0.8891	435
0.8892	867
0.8894	28
0.8894	982
0.8895	279
0.8895	782
0.8896	46
0.8896	714
0.8896	796
0.8897	310
0.8897	840
0.8897	899
0.8898	345
0.8898	534
0.8899	6
0.8899	876
0.8899	918
0.8899	951
0.89	172
0.89	845
0.8902	33
0.8902	733
0.8902	903
0.8903	366
0.8904	81
0.8904	187
0.8905	463
0.8905	576
0.8907	4
0.8907	77
0.8907	660
0.8908	758
0.8908	878
0.8912	118
0.8913	79
0.8913	236
0.8913	764
0.8913	775
0.8915	711
0.8915	833
0.8915	856
0.8916	19
0.8916	73
0.8916	338
0.8918	94
0.8918	607
0.8919	852
0.892	135
0.892	262
0.892	313
0.892	594
0.8921	56
0.8921	109
0.8921	475
0.8921	924
0.8922	14
0.8922	585
0.8922	742
0.8923	165
0.8923	331
0.8923	352
0.8923	547
0.8923	565
0.8924	91
0.8924	379
0.8924	520
0.8925	20
0.8925	337
0.8926	560
0.8926	843
0.8927	458
0.8927	545
0.8928	183
0.8928	243
0.8929	21
0.8929	509
0.893	579
0.8931	9
0.8931	364
0.8931	401
0.8932	42
0.8932	284
0.8932	368
0.8932	648
0.8932	784
0.8933	988
0.8934	108
0.8934	911
0.8936	970
0.8936	978
0.8938	582
0.8938	744
0.8938	993
0.8939	513
0.894	22
0.894	40
0.894	563
0.894	604
0.894	726
0.8941	702
0.8941	776
0.8943	521
0.8943	817
0.8945	97
0.8946	917
0.8947	512
0.8947	636
0.8949	835
0.895	630
0.895	812
0.8951	369
0.8955	85
0.8955	514
0.8956	410
0.8957	486
0.8957	487
0.8957	505
0.8957	965
0.8958	51
0.8958	228
0.8958	307
0.896	220
0.8961	221
0.8961	380
0.8962	727
0.8964	239
0.8964	472
0.8965	57
0.8965	449
0.8965	478
0.8965	860
0.8966	614
0.8966	807
0.8966	827
0.8967	2
0.8967	199
0.8967	480
0.8967	522
0.8968	411
0.8968	548
0.8968	824
0.8969	260
0.8969	265
0.8969	453
0.8969	830
0.8969	923
0.897	504
0.897	929
0.8971	194
0.8971	278
0.8972	168
0.8972	491
0.8972	822
0.8973	213
0.8973	642
0.8974	906
0.8975	672
0.8975	712
0.8976	37
0.8976	48
0.8976	52
0.8978	83
0.8978	403
0.898	25
0.898	390
0.898	804
0.8981	34
0.8982	658
0.8983	0
0.8985	350
0.8985	367
0.8985	535
0.8985	591
0.8985	650
0.8986	50
0.8986	169
0.8986	484
0.8986	493
0.8987	26
0.8987	598
0.8988	35
0.8988	847
0.8989	397
0.8989	676
0.899	206
0.8991	247
0.8991	664
0.8992	950
0.8993	618
0.8993	662
0.8994	125
0.8994	229
0.8994	251
0.8994	729
0.8995	106
0.8995	246
0.8996	355
0.8998	44
0.8998	438
0.8999	82
0.8999	361
0.8999	439
0.8999	467
0.8999	468
0.9	347
0.9001	98
0.9001	314
0.9002	955
0.9002	973
0.9003	276
0.9003	728
0.9004	309
0.9004	781
0.9005	3
0.9006	156
0.9006	555
0.9007	601
0.9007	709
0.9009	328
0.9009	404
0.9009	705
0.9009	779
0.9009	912
0.901	200
0.9011	543
0.9012	233
0.9012	282
0.9013	552
0.9014	502
0.9015	181
0.9015	749
0.9015	898
0.9017	889
0.9018	143
0.9018	674
0.902	829
0.9021	871
0.9023	192
0.9023	201
0.9023	342
0.9023	677
0.9026	536
0.9028	186
0.9028	508
0.903	127
0.903	931
0.9032	518
0.9033	171
0.9033	391
0.9034	703
0.9034	730
0.9034	874
0.9035	18
0.9036	30
0.9036	914
0.9038	695
0.9038	739
0.9039	24
0.904	673
0.904	851
0.9041	54
0.9041	365
0.9041	473
0.9043	145
0.9043	815
0.9043	922
0.9044	46
0.9045	872
0.9046	300
0.9046	394
0.9046	616
0.9046	756
0.9046	780
0.9047	170
0.9048	275
0.9049	358
0.905	881
0.9051	490
0.9051	581
0.9052	104
0.9052	608
0.9052	787
0.9053	21
0.9054	634
0.9054	791
0.9055	916
0.9056	91
0.9056	148
0.9056	362
0.9056	571
0.9056	743
0.9056	788
0.9058	320
0.9058	445
0.9058	882
0.9058	971
0.9059	80
0.9059	339
0.9059	554
0.906	193
0.906	319
0.906	324
0.9062	86
0.9062	685
0.9062	985
0.9063	87
0.9063	89
0.9063	360
0.9064	79
0.9064	109
0.9067	227
0.9068	327
0.9068	663
0.9068	773
0.9069	33
0.9069	40
0.9069	55
0.9069	160
0.907	322
0.907	451
0.907	580
0.907	808
0.9072	255
0.9072	464
0.9072	825
0.9072	994
0.9073	253
0.9073	746
0.9074	28
0.9074	918
0.9074	964
0.9075	419
0.9075	597
0.9075	842
0.9076	8
0.9076	110
0.9076	310
0.9077	613
0.9078	724
0.908	27
0.908	65
0.908	481
0.908	952
0.9081	665
0.9081	806
0.9082	967
0.9083	570
0.9083	660
0.9085	736
0.9086	395
0.9086	910
0.9086	941
0.9087	267
0.9087	551
0.9088	95
0.9088	159
0.9089	92
0.9089	235
0.909	15
0.909	142
0.9091	313
0.9091	381
0.9091	416
0.9091	722
0.9092	287
0.9093	73
0.9093	526
0.9093	887
0.9094	70
0.9096	202
0.9097	48
0.9097	81
0.9097	174
0.9097	902
0.9097	927
0.9098	659
0.9099	497
0.91	239
0.91	633
0.91	990
0.9101	447
0.9102	85
0.9102	135
0.9102	242
0.9102	466
0.9102	515
0.9103	123
0.9103	307
0.9103	959
0.9103	993
0.9104	384
0.9104	667
0.9104	903
0.9105	968
0.9106	93
0.9106	666
0.9107	74
0.9107	117
0.9107	351
0.9109	817
0.9111	418
0.9112	113
0.9112	463
0.9113	441
0.9114	318
0.9114	354
0.9114	415
0.9114	475
0.9116	52
0.9116	619
0.9117	763
0.9119	656
0.912	401
0.912	845
0.912	884
0.9121	176
0.9122	478
0.9123	244
0.9123	961
0.9124	191
0.9124	894
0.9124	951
0.9125	9
0.9125	197
0.9125	984
0.9126	203
0.9126	514
0.9126	807
0.9126	877
0.9128	569
0.9128	590
0.9129	88
0.9129	99
0.9129	915
0.913	17
0.913	219
0.9131	128
0.9131	215
0.9132	762
0.9133	349
0.9134	873
0.9135	635
0.9135	735
0.9136	49
0.9136	108
0.9137	185
0.9137	457
0.9138	406
0.9138	820
0.9139	126
0.9139	776
0.914	504
0.9141	2
0.9141	61
0.9141	875
0.9142	525
0.9142	886
0.9143	289
0.9143	366
0.9143	399
0.9144	370
0.9144	802
0.9144	870
0.9145	860
0.9146	71
0.9146	769
0.9146	831
0.9147	262
0.9148	132
0.9148	650
0.9149	753
0.9149	822
0.9149	856
0.915	593
0.9151	12
0.9152	25
0.9152	658
0.9153	997
0.9155	0
0.9155	548
0.9155	911
0.9156	506
0.9156	558
0.9156	772
0.9157	376
0.9159	72
0.916	265
0.916	930
0.9162	435
0.9162	460
0.9162	523
0.9162	712
0.9163	784
0.9163	826
0.9164	241
0.9164	353
0.9164	458
0.9164	986
0.9165	720
0.9165	835
0.9165	888
0.9165	965
0.9166	116
0.9166	237
0.9166	594
0.9166	768
0.9166	827
0.9168	672
0.9168	970
0.9169	706
0.9169	932
0.917	592
0.9171	556
0.9171	912
0.9171	946
0.9173	744
0.9173	764
0.9174	491
0.9175	21
0.9175	591
0.9175	644
0.9176	290
0.9177	56
0.9177	273
0.9177	299
0.9178	298
0.9178	907
0.9178	939
0.9179	42
0.918	84
0.918	448
0.918	465
0.9181	279
0.9182	637
0.9184	134
0.9184	425
0.9185	766
0.9186	247
0.9186	530
0.9187	199
0.9188	91
0.9188	430
0.9188	793
0.9189	35
0.9189	101
0.9189	216
0.9191	3
0.9191	520
0.9192	373
0.9192	422
0.9192	699
0.9193	610
0.9194	50
0.9194	118
0.9194	217
0.9194	288
0.9195	82
0.9195	218
0.9196	338
0.9197	32
0.9197	479
0.9197	955
0.9198	98
0.9198	759
0.9199	249
0.92	775
0.92	896
0.9201	78
0.9201	563
0.9201	723
0.9203	340
0.9204	483
0.9205	547
0.9206	45
0.9206	109
0.9206	899
0.9207	495
0.9207	501
0.9208	292
0.9209	60
0.9209	824
0.921	347
0.9212	645
0.9212	839
0.9212	878
0.9213	19
0.9214	740
0.9216	5
0.9216	731
0.9217	198
0.9218	33
0.9218	282
0.9219	20
0.9219	538
0.9219	929
0.9221	137
0.9222	774
0.9223	169
0.9223	844
0.9224	920
0.9225	380
0.9225	747
0.9225	906
0.9226	522
0.9226	584
0.9226	695
0.9228	276
0.9229	24
0.9229	97
0.9229	700
0.923	864
0.923	931
0.9231	18
0.9231	206
0.9233	26
0.9233	46
0.9233	936
0.9234	75
0.9235	484
0.9236	438
0.9238	11
0.9238	307
0.9238	880
0.9239	48
0.9239	79
0.9239	187
0.924	596
0.9241	152
0.9241	900
0.9242	472
0.9242	616
0.9243	328
0.9243	502
0.9243	536
0.9243	709
0.9245	806
0.9246	40
0.9246	248
0.9246	685
0.9248	264
0.9248	391
0.9249	310
0.9249	404
0.9249	792
0.9249	987
0.925	47
0.925	485
0.925	505
0.9251	89
0.9251	585
0.9251	917
0.9252	843
0.9253	228
0.9253	571
0.9253	708
0.9254	6
0.9254	705
0.9255	86
0.9255	475
0.9256	421
0.9256	674
0.9256	698
0.9258	81
0.9258	507
0.9259	4
0.926	320
0.926	394
0.926	861
0.9261	85
0.9261	357
0.9261	840
0.9263	110
0.9263	393
0.9263	810
0.9264	749
0.9265	140
0.9266	604
0.9266	694
0.9266	973
0.9267	866
0.9267	923
0.9267	971
0.9269	37
0.9269	334
0.9269	364
0.9269	918
0.927	666
0.927	890
0.9271	96
0.9271	488
0.9271	528
0.9272	28
0.9272	487
0.9273	194
0.9273	787
0.9274	270
0.9274	614
0.9275	375
0.9275	385
0.9276	54
0.9276	572
0.9276	884
0.9277	400
0.9277	736
0.9278	582
0.9278	680
0.9279	673
0.9281	300
0.9281	464
0.9281	968
0.9281	979
0.9282	781
0.9284	90
0.9284	773
0.9285	104
0.9286	660
0.9286	669
0.9287	176
0.9288	160
0.9288	940
0.9289	30
0.929	168
0.929	372
0.929	808
0.9294	455
0.9294	497
0.9295	80
0.9295	478
0.9296	135
0.9297	418
0.9298	947
0.9299	916
0.9299	990
0.93	807
0.9301	284
0.9303	504
0.9304	213
0.9304	597
0.9305	21
0.9305	233
0.9305	257
0.9305	893
0.9306	491
0.9307	369
0.9308	401
0.931	313
0.931	416
0.9311	903
0.9312	462
0.9313	560
0.9313	883
0.9314	555
0.9314	892
0.9314	915
0.9315	265
0.9315	374
0.9316	52
0.9316	180
0.9316	516
0.9316	635
0.9316	867
0.9317	34
0.9318	557
0.9319	102
0.9319	410
0.932	367
0.932	782
0.9321	659
0.9321	964
0.9322	16
0.9322	823
0.9323	851
0.9324	145
0.9326	74
0.9327	174
0.9327	658
0.9328	22
0.9328	993
0.933	0
0.933	95
0.933	848
0.933	891
0.9331	552
0.9332	551
0.9333	885
0.9335	361
0.9335	756
0.9336	25
0.9336	106
0.9336	463
0.9336	776
0.9336	951
0.9337	126
0.9337	817
0.9339	59
0.934	109
0.934	215
0.934	267
0.9341	199
0.9343	27
0.9343	287
0.9343	665
0.9343	737
0.9344	73
0.9344	593
0.9345	3
0.9345	266
0.9346	201
0.9346	348
0.9346	396
0.9346	466
0.9346	672
0.9348	253
0.9348	446
0.9348	712
0.9349	116
0.9349	758
0.9351	210
0.9353	581
0.9353	822
0.9354	984
0.9355	239
0.9355	677
0.9355	950
0.9356	471
0.9356	765
0.9356	847
0.9357	143
0.9357	727
0.9358	579
0.9358	684
0.9359	397
0.9359	853
0.936	447
0.9361	48
0.9361	219
0.9362	108
0.9362	897
0.9363	314
0.9363	636
0.9365	591
0.9366	71
0.9366	345
0.9366	366
0.9369	562
0.9369	955
0.937	413
0.937	640
0.937	791
0.937	827
0.937	912
0.9372	319
0.9373	525
0.9374	482
0.9374	535
0.9374	925
0.9375	278
0.9376	33
0.9379	417
0.938	9
0.938	235
0.938	860
0.9381	94
0.9381	275
0.9382	19
0.9382	445
0.9382	722
0.9384	107
0.9384	780
0.9385	196
0.9385	664
0.9386	83
0.9386	341
0.9386	521
0.9386	874
0.9388	763
0.939	887
0.9391	14
0.9391	423
0.9391	558
0.9393	620
0.9394	45
0.9394	570
0.9394	949
0.9395	845
0.9396	618
0.9398	50
0.9398	726
0.9398	876
0.9399	289
0.9399	457
0.94	98
0.94	634
0.94	804
0.9401	137
0.9403	79
0.9403	381
0.9404	473
0.9405	350
0.9406	802
0.9407	91
0.9409	20
0.941	142
0.941	203
0.941	262
0.941	512
0.9411	391
0.9411	616
0.9412	46
0.9412	227
0.9412	645
0.9413	370
0.9413	380
0.9414	642
0.9414	835
0.9415	590
0.9415	871
0.9416	470
0.9416	625
0.9416	941
0.9417	724
0.9417	747
0.9418	344
0.9419	84
0.9419	85
0.9419	318
0.9419	406
0.9419	419
0.9419	536
0.942	182
0.942	307
0.942	667
0.9421	185
0.9421	206
0.9421	279
0.9421	328
0.9422	31
0.9423	89
0.9423	282
0.9424	247
0.9425	24
0.9425	40
0.9425	221
0.9425	481
0.9425	899
0.9426	509
0.9427	543
0.9427	705
0.9428	123
0.9428	522
0.9428	784
0.9429	21
0.9429	97
0.9429	486
0.943	18
0.943	148
0.943	961
0.9431	192
0.9431	384
0.9432	57
0.9432	141
0.9432	451
0.9434	35
0.9435	2
0.9435	541
0.9436	37
0.9436	165
0.9436	458
0.9436	520
0.9437	86
0.9437	111
0.9438	65
0.9438	352
0.9438	449
0.9438	965
0.9438	967
0.9439	87
0.944	403
0.9441	56
0.9443	460
0.9443	607
0.9443	721
0.9444	42
0.9444	99
0.9445	119
0.9446	997
0.9447	518
0.9448	26
0.945	730
0.9451	824
0.9451	875
0.9452	502
0.9452	748
0.9452	760
0.9452	895
0.9453	568
0.9453	753
0.9453	807
0.9454	122
0.9455	109
0.9455	286
0.9455	548
0.9455	612
0.9455	750
0.9455	877
0.9456	93
0.9458	176
0.9458	349
0.9458	604
0.9459	363
0.9459	676
0.946	493
0.946	563
0.9461	752
0.9462	81
0.9463	28
0.9463	728
0.9464	699
0.9465	44
0.9465	125
0.9465	322
0.9465	504
0.9465	968
0.9466	733
0.9467	32
0.9468	310
0.9468	483
0.947	220
0.947	663
0.9471	153
0.9471	276
0.9472	202
0.9472	273
0.9472	401
0.9472	491
0.9472	778
0.9472	838
0.9472	945
0.9473	339
0.9473	530
0.9473	873
0.9473	929
0.9474	61
0.9474	118
0.9474	193
0.9474	453
0.9474	635
0.9474	793
0.9474	982
0.9475	347
0.9475	898
0.9475	923
0.9476	918
0.9477	54
0.9477	313
0.9477	650
0.9477	917
0.9478	515
0.948	82
0.948	265
0.948	605
0.9481	10
0.9481	52
0.9482	169
0.9483	53
0.9483	135
0.9483	395
0.9483	409
0.9483	478
0.9483	993
0.9484	238
0.9484	320
0.9484	513
0.9485	229
0.9486	324
0.9486	723
0.9487	556
0.9487	685
0.9489	255
0.9489	886
0.949	113
0.949	293
0.949	362
0.9491	576
0.9491	596
0.9491	743
0.9491	973
0.9492	48
0.9492	915
0.9493	719
0.9493	970
0.9495	12
0.9495	870
0.9496	355
0.9496	464
0.9496	594
0.9497	658
0.9498	95
0.9498	608
0.9499	8
0.9499	385
0.9499	538
0.9499	700
0.9499	844
0.95	742
0.95	781
0.9501	51
0.9501	745
0.9502	342
0.9502	408
0.9503	527
0.9505	422
0.9505	856
0.9506	25
0.9506	152
0.9506	407
0.9507	183
0.9507	830
0.9508	674
0.9508	785
0.9508	976
0.9509	806
0.9509	809
0.9511	812
0.9511	882
0.9512	239
0.9512	769
0.9512	829
0.9512	986
0.9513	744
0.9514	316
0.9514	817
0.9515	442
0.9516	534
0.9518	673
0.9519	38
0.9519	894
0.952	145
0.952	243
0.952	249
0.9522	404
0.9522	552
0.9522	751
0.9523	170
0.9523	256
0.9523	659
0.9523	665
0.9523	796
0.9524	174
0.9524	944
0.9525	787
0.9525	826
0.9526	194
0.9526	387
0.9526	461
0.9526	497
0.9527	139
0.9527	702
0.9527	822
0.9528	977
0.9529	706
0.953	430
0.953	740
0.9531	591
0.9531	709
0.9532	96
0.9532	110
0.9532	630
0.9532	808
0.9532	849
0.9532	937
0.9533	475
0.9533	920
0.9534	237
0.9535	418
0.9535	914
0.9536	656
0.9536	953
0.9537	264
0.9537	351
0.9537	499
0.9537	660
0.9537	773
0.9537	801
0.9538	201
0.9538	394
0.9538	440
0.9538	626
0.9539	373
0.9539	448
0.954	74
0.954	881
0.954	950
0.954	979
0.9541	485
0.9542	6
0.9543	377
0.9543	585
0.9544	9
0.9544	34
0.9544	41
0.9544	106
0.9544	794
0.9546	581
0.9546	666
0.9547	186
0.9547	372
0.9548	267
0.9548	376
0.9548	435
0.9549	580
0.9549	827
0.9549	922
0.955	354
0.955	416
0.955	508
0.9551	33
0.9551	565
0.9551	672
0.9554	990
0.9555	91
0.9555	117
0.9557	21
0.9557	308
0.9557	616
0.9557	756
0.9557	782
0.9557	841
0.9558	213
0.9558	803
0.9558	864
0.9559	5
0.9559	253
0.9559	767
0.956	328
0.956	545
0.956	939
0.9561	707
0.9561	776
0.9562	160
0.9562	198
0.9562	597
0.9563	158
0.9563	203
0.9563	472
0.9564	619
0.9565	85
0.9565	374
0.9565	860
0.9566	662
0.9568	244
0.9568	622
0.9569	109
0.9569	843
0.957	488
0.9571	309
0.9572	187
0.9572	375
0.9572	964
0.9573	648
0.9573	872
0.9573	903
0.9574	774
0.9575	19
0.9575	76
0.9575	143
0.9575	852
0.9575	912
0.9576	40
0.9577	259
0.9577	779
0.9578	681
0.9579	24
0.9579	292
0.9579	567
0.958	79
0.958	505
0.9581	22
0.9581	695
0.9581	736
0.9582	391
0.9583	368
0.9584	197
0.9586	30
0.9586	307
0.9587	0
0.9588	340
0.9589	78
0.9589	338
0.959	4
0.959	393
0.9591	18
0.9591	218
0.9591	353
0.9591	490
0.9591	551
0.9591	586
0.9592	20
0.9592	334
0.9592	893
0.9593	705
0.9594	83
0.9594	98
0.9595	2
0.9595	466
0.9596	86
0.9596	680
0.9597	971
0.9598	248
0.9599	876
0.96	379
0.96	438
0.96	768
0.9601	137
0.9601	484
0.9603	289
0.9603	955
0.9604	168
0.9604	463
0.9604	525
0.9604	984
0.9605	462
0.9605	473
0.9606	959
0.9607	835
0.9608	361
0.9608	536
0.9608	716
0.9609	614
0.9611	28
0.9611	931
0.9612	333
0.9612	978
0.9613	247
0.9613	677
0.9613	848
0.9614	81
0.9614	97
0.9614	479
0.9614	634
0.9614	749
0.9614	847
0.9614	916
0.9615	251
0.9616	35
0.9616	102
0.9616	871
0.9617	26
0.9617	52
0.9617	73
0.9617	582
0.9617	764
0.9617	996
0.9618	27
0.9618	65
0.9618	313
0.9619	48
0.9619	512
0.9619	845
0.9619	930
0.9619	949
0.962	694
0.9621	50
0.9621	491
0.9621	735
0.9621	807
0.9622	126
0.9622	266
0.9622	401
0.9622	447
0.9623	104
0.9623	236
0.9623	399
0.9623	514
0.9623	747
0.9625	46
0.9626	288
0.9626	366
0.9626	403
0.9627	119
0.9628	365
0.9628	522
0.963	108
0.963	217
0.963	640
0.9631	840
0.9632	906
0.9633	370
0.9633	504
0.9634	644
0.9635	579
0.9636	228
0.9636	544
0.9637	331
0.9637	419
0.9637	441
0.9637	851
0.9637	929
0.9638	89
0.9638	199
0.9639	182
0.9639	397
0.9639	570
0.964	367
0.964	884
0.9641	71
0.9641	206
0.9642	242
0.9642	425
0.9642	452
0.9642	784
0.9643	235
0.9645	364
0.9645	887
0.9646	265
0.9646	780
0.9646	901
0.9646	918
0.9647	825
0.9648	300
0.9649	458
0.9649	465
0.9649	923
0.9653	180
0.9653	520
0.9653	635
0.9654	54
0.9654	82
0.9654	478
0.9654	993
0.9655	3
0.9655	166
0.9656	99
0.9656	135
0.9656	584
0.9657	191
0.9657	842
0.9657	861
0.9658	428
0.9659	593
0.966	87
0.9661	650
0.9662	345
0.9662	839
0.9663	526
0.9663	556
0.9663	951
0.9664	216
0.9664	239
0.9664	486
0.9664	710
0.9664	963
0.9665	467
0.9666	445
0.9668	105
0.9669	712
0.9669	722
0.967	25
0.967	528
0.967	592
0.967	642
0.9671	118
0.9671	911
0.9671	973
0.9673	410
0.9673	423
0.9674	518
0.9676	427
0.9676	457
0.9676	539
0.9677	500
0.9677	637
0.9677	753
0.9678	731
0.9679	320
0.9682	260
0.9683	72
0.9683	613
0.9684	899
0.9686	51
0.9686	273
0.9686	314
0.9686	400
0.9686	936
0.9688	318
0.9688	878
0.969	88
0.9691	33
0.9691	278
0.9691	590
0.9691	781
0.9691	889
0.9692	56
0.9693	674
0.9694	591
0.9694	658
0.9694	787
0.9694	815
0.9695	109
0.9696	791
0.9696	817
0.9697	75
0.9698	174
0.9699	116
0.9699	699
0.97	660
0.9701	215
0.9701	282
0.9701	380
0.9701	502
0.9702	543
0.9702	560
0.9704	169
0.9704	616
0.9705	538
0.9705	548
0.9706	79
0.9706	85
0.9706	471
0.9706	475
0.9707	148
0.9708	61
0.9708	917
0.9709	275
0.9709	558
0.9709	830
0.971	574
0.9712	464
0.9712	563
0.9713	322
0.9714	262
0.9714	562
0.9714	659
0.9714	987
0.9715	515
0.9715	947
0.9715	965
0.9716	555
0.9718	103
0.9718	792
0.9719	15
0.9719	42
0.9719	210
0.9719	390
0.9719	915
0.972	21
0.972	176
0.972	481
0.9721	184
0.9721	604
0.9721	729
0.9722	47
0.9722	547
0.9722	739
0.9723	171
0.9723	435
0.9723	902
0.9724	84
0.9724	449
0.9725	32
0.9725	40
0.9725	487
0.9725	776
0.9726	95
0.9727	513
0.9727	581
0.9728	48
0.9728	666
0.9728	808
0.9728	822
0.9728	824
0.9728	974
0.9729	451
0.973	395
0.973	594
0.9732	775
0.9733	585
0.9733	833
0.9734	773
0.9736	416
0.9736	727
0.9737	310
0.9737	347
0.9737	672
0.9738	369
0.9739	123
0.974	744
0.974	866
0.9741	836
0.9742	45
0.9742	860
0.9743	81
0.9743	384
0.9744	16
0.9744	106
0.9745	793
0.9745	832
0.9746	34
0.9746	509
0.9746	759
0.9746	778
0.9747	92
0.9747	997
0.9748	339
0.9748	480
0.9749	96
0.9749	856
0.9749	967
0.975	36
0.9751	885
0.9752	391
0.9752	730
0.9752	922
0.9753	185
0.9753	597
0.9753	968
0.9754	219
0.9754	328
0.9754	673
0.9755	844
0.9756	70
0.9756	618
0.9757	941
0.9758	93
0.9758	491
0.9758	552
0.9759	60
0.976	86
0.976	138
0.976	415
0.976	521
0.976	903
0.9762	18
0.9762	255
0.9762	621
0.9763	497
0.9763	685
0.9764	667
0.9765	24
0.9765	201
0.9765	233
0.9765	676
0.9766	110
0.9767	101
0.9767	253
0.9767	402
0.9767	772
0.9768	536
0.9769	401
0.9769	488
0.977	802
0.9771	9
0.9771	645
0.9772	482
0.9773	279
0.9773	665
0.9773	807
0.9774	20
0.9775	49
0.9776	307
0.9776	418
0.9777	705
0.9778	35
0.9778	970
0.9779	313
0.978	37
0.978	59
0.978	98
0.978	804
0.9781	664
0.9781	964
0.9782	28
0.9782	827
0.9784	65
0.9786	362
0.9787	818
0.9787	857
0.9788	358
0.9788	961
0.9788	994
0.9789	143
0.979	523
0.979	748
0.9791	743
0.9791	912
0.9792	756
0.9793	200
0.9793	504
0.9793	874
0.9794	160
0.9794	950
0.9795	223
0.9796	80
0.9796	83
0.9797	8
0.9798	52
0.9798	91
0.9798	774
0.9798	907
0.9799	478
0.98	140
0.98	203
0.98	940
0.9801	145
0.9801	984
0.9802	30
0.9803	349
0.9804	324
0.9806	363
0.9807	394
0.9808	50
0.9808	381
0.9808	453
0.981	265
0.981	267
0.9811	354
0.9811	768
0.9812	438
0.9813	299
0.9813	508
0.9814	25
0.9814	284
0.9814	608
0.9814	829
0.9814	871
0.9814	881
0.9814	939
0.9815	484
0.9817	835
0.9818	290
0.9818	867
0.9819	289
0.9821	5
0.9821	239
0.9821	495
0.9821	736
0.9821	918
0.9823	26
0.9823	472
0.9824	109
0.9824	246
0.9824	270
0.9824	914
0.9825	806
0.9826	898
0.9827	551
0.9828	695
0.9828	888
0.9829	614
0.9829	709
0.9829	763
0.983	135
0.983	895
0.983	985
0.9831	884
0.9832	237
0.9832	319
0.9832	872
0.9832	923
0.9834	108
0.9834	213
0.9834	403
0.9834	483
0.9834	598
0.9834	742
0.9834	766
0.9834	845
0.9835	749
0.9836	97
0.9836	276
0.9836	492
0.9837	847
0.9837	890
0.9839	134
0.9839	137
0.9839	227
0.9839	601
0.984	118
0.984	199
0.984	316
0.9842	27
0.9842	518
0.9844	33
0.9844	46
0.9844	126
0.9844	826
0.9845	48
0.9845	571
0.9845	877
0.9846	373
0.9846	929
0.9849	677
0.9849	951
0.985	202
0.985	712
0.985	781
0.9851	22
0.9852	447
0.9853	12
0.9854	122
0.9854	170
0.9854	724
0.9854	894
0.9855	780
0.9855	823
0.9856	193
0.9856	986
0.9857	404
0.9858	334
0.9858	367
0.9858	463
0.9858	886
0.9859	660
0.986	21
0.986	528
0.9861	769
0.9862	752
0.9862	993
0.9863	370
0.9863	466
0.9864	142
0.9865	74
0.9865	658
0.9865	746
0.9867	525
0.9868	634
0.9868	708
0.9869	501
0.9869	917
0.987	206
0.9871	0
0.9871	458
0.9871	630
0.9872	194
0.9872	591
0.9872	789
0.9874	2
0.9874	79
0.9874	104
0.9874	817
0.9875	6
0.9875	119
0.9875	520
0.9875	565
0.9875	607
0.9875	666
0.9876	220
0.9876	663
0.9876	920
0.9877	764
0.9878	82
0.9879	422
0.988	674
0.988	843
0.9881	659
0.9881	882
0.9882	699
0.9883	548
0.9884	176
0.9884	186
0.9885	616
0.9885	747
0.9886	19
0.9886	338
0.9886	703
0.9887	380
0.9888	54
0.989	71
0.989	113
0.989	125
0.989	366
0.989	915
0.9891	376
0.9892	522
0.9892	672
0.9892	931
0.9893	247
0.9893	753
0.9893	955
0.9896	530
0.9897	399
0.9898	282
0.9898	351
0.9898	535
0.9899	248
0.9899	320
0.9899	635
0.9903	300
0.9904	287
0.9905	3
0.9905	430
0.9905	784
0.9907	787
0.9908	85
0.9908	852
0.9911	249
0.9912	89
0.9912	946
0.9914	56
0.9914	650
0.9915	197
0.9915	491
0.9915	848
0.9916	911
0.9916	973
0.9917	228
0.9917	353
0.9918	860
0.9919	174
0.9919	205
0.9919	698
0.9919	776
0.992	96
0.992	952
0.9921	448
0.9921	916
0.9922	98
0.9924	502
0.9925	350
0.9926	765
0.9927	457
0.9927	796
0.9928	87
0.9928	758
0.9929	52
0.9929	169
0.9929	560
0.9929	563
0.9931	876
0.9932	262
0.9932	391
0.9932	441
0.9932	475
0.9932	971
0.9933	722
0.9935	17
0.9935	310
0.9935	893
0.9935	968
0.9936	99
0.9936	464
0.9936	556
0.9937	18
0.9938	364
0.994	183
0.9941	490
0.9942	81
0.9942	264
0.9942	605
0.9942	619
0.9942	807
0.9942	812
0.9943	307
0.9943	593
0.9944	406
0.9944	558
0.9945	279
0.9946	401
0.9946	808
0.9948	581
0.995	65
0.995	706
0.9952	28
0.9952	331
0.9952	793
0.9953	90
0.9955	57
0.9955	462
0.9957	42
0.9957	597
0.9957	610
0.9957	744
0.9957	827
0.9958	416
0.9958	912
0.996	20
0.996	419
0.996	582
0.9961	109
0.9962	298
0.9962	328
0.9963	95
0.9963	446
0.9963	851
0.9964	40
0.9964	570
0.9964	922
0.9965	229
0.9965	504
0.9966	500
0.9967	75
0.9967	292
0.9967	842
0.9968	235
0.9969	497
0.9969	681
0.9969	870
0.997	61
0.997	375
0.997	576
0.9972	925
0.9973	534
0.9973	538
0.9973	723
0.9973	773
0.9974	24
0.9974	152
0.9974	362
0.9975	102
0.9975	308
0.9975	478
0.9975	536
0.9975	697
0.9976	34
0.9976	997
0.9977	984
0.9978	265
0.9978	339
0.9979	822
0.998	4
0.9983	903
0.9984	86
0.9985	187
0.9986	91
0.9987	685
0.9989	48
0.9991	318
0.9991	322
0.9992	735
0.9993	9
0.9993	961
0.9994	707
0.9995	25
0.9995	275
0.9995	645
0.9996	965
0.9997	372
